[debug] [2026-10-01T16:38:42.956Z] ----------------------------------------------------------------------
[debug] [2026-10-01T16:38:42.960Z] Command:       C:\Program Files\nodejs\node.exe C:\Users\pepej\AppData\Roaming\npm\node_modules\firebase-tools\lib\bin\firebase.js deploy
[debug] [2026-10-01T16:38:42.960Z] CLI Version:   15.24.0
[debug] [2026-10-01T16:38:42.960Z] Platform:      win32
[debug] [2026-10-01T16:38:42.960Z] Node Version:  v24.13.0
[debug] [2026-10-01T16:38:42.961Z] Detected Agent: unknown
[debug] [2026-10-01T16:38:42.961Z] Time:          Thu Oct 01 2026 10:38:42 GMT-0600 (hora estándar central)
[debug] [2026-10-01T16:38:42.961Z] ----------------------------------------------------------------------
[debug] 
[debug] [2026-10-01T16:38:46.382Z] Object "/hosting" in "firebase.json" has unknown property: {"additionalProperty":"database"}
[debug] [2026-10-01T16:38:46.382Z] Field "/hosting" in "firebase.json" is possibly invalid: must be array
[debug] [2026-10-01T16:38:46.382Z] Field "/hosting" in "firebase.json" is possibly invalid: must match a schema in anyOf
[debug] [2026-10-01T16:38:46.387Z] > command requires scopes: ["email","openid","https://www.googleapis.com/auth/cloudplatformprojects.readonly","https://www.googleapis.com/auth/firebase","https://www.googleapis.com/auth/cloud-platform"]
[debug] [2026-10-01T16:38:46.388Z] > authorizing via signed-in user (ingsoftcecy@gmail.com)
[debug] [2026-10-01T16:38:46.388Z] [iam] checking project levadura-7427a for permissions ["firebase.projects.get","firebasehosting.sites.update"]
[debug] [2026-10-01T16:38:46.405Z] Checked if tokens are valid: true, expires at: 1790875976660
[debug] [2026-10-01T16:38:46.406Z] Checked if tokens are valid: true, expires at: 1790875976660
[debug] [2026-10-01T16:38:46.407Z] >>> [apiv2][query] POST https://cloudresourcemanager.googleapis.com/v1/projects/levadura-7427a:testIamPermissions [none]
[debug] [2026-10-01T16:38:46.407Z] >>> [apiv2][(partial)header] POST https://cloudresourcemanager.googleapis.com/v1/projects/levadura-7427a:testIamPermissions  x-goog-user-project=levadura-7427a
[debug] [2026-10-01T16:38:46.407Z] >>> [apiv2][body] POST https://cloudresourcemanager.googleapis.com/v1/projects/levadura-7427a:testIamPermissions {"permissions":["firebase.projects.get","firebasehosting.sites.update"]}
[debug] [2026-10-01T16:38:46.745Z] <<< [apiv2][status] POST https://cloudresourcemanager.googleapis.com/v1/projects/levadura-7427a:testIamPermissions 200
[debug] [2026-10-01T16:38:46.745Z] <<< [apiv2][body] POST https://cloudresourcemanager.googleapis.com/v1/projects/levadura-7427a:testIamPermissions {"permissions":["firebase.projects.get","firebasehosting.sites.update"]}
[debug] [2026-10-01T16:38:46.746Z] Checked if tokens are valid: true, expires at: 1790875976660
[debug] [2026-10-01T16:38:46.746Z] Checked if tokens are valid: true, expires at: 1790875976660
[debug] [2026-10-01T16:38:46.746Z] >>> [apiv2][query] GET https://firebase.googleapis.com/v1beta1/projects/levadura-7427a [none]
[debug] [2026-10-01T16:38:47.092Z] <<< [apiv2][status] GET https://firebase.googleapis.com/v1beta1/projects/levadura-7427a 200
[debug] [2026-10-01T16:38:47.092Z] <<< [apiv2][body] GET https://firebase.googleapis.com/v1beta1/projects/levadura-7427a {"projectId":"levadura-7427a","projectNumber":"129831398418","displayName":"levadura","name":"projects/levadura-7427a","resources":{"hostingSite":"levadura-7427a"},"state":"ACTIVE","labels":{"firebase":"enabled"},"etag":"1_cbad3556-159d-4f82-ae55-74acb80dfc37"}
[info] 
[info] === Deploying to 'levadura-7427a'...
[info] 
[info] i  deploying hosting, apphosting 
[debug] [2026-10-01T16:38:47.097Z] Checked if tokens are valid: true, expires at: 1790875976660
[debug] [2026-10-01T16:38:47.097Z] Checked if tokens are valid: true, expires at: 1790875976660
[debug] [2026-10-01T16:38:47.097Z] >>> [apiv2][query] GET https://firebasehosting.googleapis.com/v1beta1/projects/levadura-7427a/sites/levadura-7427a [none]
[debug] [2026-10-01T16:38:47.668Z] <<< [apiv2][status] GET https://firebasehosting.googleapis.com/v1beta1/projects/levadura-7427a/sites/levadura-7427a 200
[debug] [2026-10-01T16:38:47.668Z] <<< [apiv2][body] GET https://firebasehosting.googleapis.com/v1beta1/projects/levadura-7427a/sites/levadura-7427a {"name":"projects/levadura-7427a/sites/levadura-7427a","defaultUrl":"https://levadura-7427a.web.app","type":"DEFAULT_SITE"}
[debug] [2026-10-01T16:38:47.672Z] Checked if tokens are valid: true, expires at: 1790875976660
[debug] [2026-10-01T16:38:47.672Z] Checked if tokens are valid: true, expires at: 1790875976660
[debug] [2026-10-01T16:38:47.674Z] >>> [apiv2][query] POST https://firebasehosting.googleapis.com/v1beta1/projects/-/sites/levadura-7427a/versions [none]
[debug] [2026-10-01T16:38:47.674Z] >>> [apiv2][body] POST https://firebasehosting.googleapis.com/v1beta1/projects/-/sites/levadura-7427a/versions {"status":"CREATED","labels":{"deployment-tool":"cli-firebase"}}
[debug] [2026-10-01T16:38:48.301Z] <<< [apiv2][status] POST https://firebasehosting.googleapis.com/v1beta1/projects/-/sites/levadura-7427a/versions 200
[debug] [2026-10-01T16:38:48.301Z] <<< [apiv2][body] POST https://firebasehosting.googleapis.com/v1beta1/projects/-/sites/levadura-7427a/versions {"name":"projects/129831398418/sites/levadura-7427a/versions/d7821f223896db3f","status":"CREATED","config":{},"labels":{"deployment-tool":"cli-firebase"}}
[debug] [2026-10-01T16:38:48.304Z] Checked if tokens are valid: true, expires at: 1790875976660
[debug] [2026-10-01T16:38:48.305Z] Checked if tokens are valid: true, expires at: 1790875976660
[debug] [2026-10-01T16:38:48.305Z] >>> [apiv2][query] POST https://iam.googleapis.com/v1/projects/levadura-7427a/serviceAccounts/firebase-app-hosting-compute@levadura-7427a.iam.gserviceaccount.com:testIamPermissions [none]
[debug] [2026-10-01T16:38:48.305Z] >>> [apiv2][(partial)header] POST https://iam.googleapis.com/v1/projects/levadura-7427a/serviceAccounts/firebase-app-hosting-compute@levadura-7427a.iam.gserviceaccount.com:testIamPermissions  x-goog-user-project=levadura-7427a
[debug] [2026-10-01T16:38:48.305Z] >>> [apiv2][body] POST https://iam.googleapis.com/v1/projects/levadura-7427a/serviceAccounts/firebase-app-hosting-compute@levadura-7427a.iam.gserviceaccount.com:testIamPermissions {"permissions":["iam.serviceAccounts.actAs"]}
[debug] [2026-10-01T16:38:48.711Z] <<< [apiv2][status] POST https://iam.googleapis.com/v1/projects/levadura-7427a/serviceAccounts/firebase-app-hosting-compute@levadura-7427a.iam.gserviceaccount.com:testIamPermissions 200
[debug] [2026-10-01T16:38:48.711Z] <<< [apiv2][body] POST https://iam.googleapis.com/v1/projects/levadura-7427a/serviceAccounts/firebase-app-hosting-compute@levadura-7427a.iam.gserviceaccount.com:testIamPermissions {"permissions":["iam.serviceAccounts.actAs"]}
[debug] [2026-10-01T16:38:48.712Z] Checked if tokens are valid: true, expires at: 1790875976660
[debug] [2026-10-01T16:38:48.712Z] Checked if tokens are valid: true, expires at: 1790875976660
[debug] [2026-10-01T16:38:48.712Z] >>> [apiv2][query] POST https://iam.googleapis.com/v1/projects/levadura-7427a/serviceAccounts [none]
[debug] [2026-10-01T16:38:48.712Z] >>> [apiv2][body] POST https://iam.googleapis.com/v1/projects/levadura-7427a/serviceAccounts {"accountId":"firebase-app-hosting-compute","serviceAccount":{"displayName":"Firebase App Hosting compute service account","description":"Default service account used to run builds and deploys for Firebase App Hosting"}}
[debug] [2026-10-01T16:38:49.123Z] <<< [apiv2][status] POST https://iam.googleapis.com/v1/projects/levadura-7427a/serviceAccounts 409
[debug] [2026-10-01T16:38:49.123Z] <<< [apiv2][body] POST https://iam.googleapis.com/v1/projects/levadura-7427a/serviceAccounts [omitted]
[debug] [2026-10-01T16:38:49.124Z] Checked if tokens are valid: true, expires at: 1790875976660
[debug] [2026-10-01T16:38:49.124Z] Checked if tokens are valid: true, expires at: 1790875976660
[debug] [2026-10-01T16:38:49.124Z] >>> [apiv2][query] POST https://cloudresourcemanager.googleapis.com/v1/projects/levadura-7427a:getIamPolicy [none]
[debug] [2026-10-01T16:38:49.428Z] <<< [apiv2][status] POST https://cloudresourcemanager.googleapis.com/v1/projects/levadura-7427a:getIamPolicy 200
[debug] [2026-10-01T16:38:49.428Z] <<< [apiv2][body] POST https://cloudresourcemanager.googleapis.com/v1/projects/levadura-7427a:getIamPolicy {"version":1,"etag":"BwZcyfgH40Q=","bindings":[{"role":"roles/artifactregistry.serviceAgent","members":["serviceAccount:service-129831398418@gcp-sa-artifactregistry.iam.gserviceaccount.com"]},{"role":"roles/cloudbuild.builds.builder","members":["serviceAccount:129831398418@cloudbuild.gserviceaccount.com"]},{"role":"roles/cloudbuild.serviceAgent","members":["serviceAccount:service-129831398418@gcp-sa-cloudbuild.iam.gserviceaccount.com"]},{"role":"roles/containerregistry.ServiceAgent","members":["serviceAccount:service-129831398418@containerregistry.iam.gserviceaccount.com"]},{"role":"roles/developerconnect.readTokenAccessor","members":["serviceAccount:firebase-app-hosting-compute@levadura-7427a.iam.gserviceaccount.com"]},{"role":"roles/firebase.managementServiceAgent","members":["serviceAccount:service-129831398418@gcp-sa-firebase.iam.gserviceaccount.com"]},{"role":"roles/firebase.sdkAdminServiceAgent","members":["serviceAccount:firebase-adminsdk-fbsvc@levadura-7427a.iam.gserviceaccount.com","serviceAccount:firebase-app-hosting-compute@levadura-7427a.iam.gserviceaccount.com"]},{"role":"roles/firebaseapphosting.computeRunner","members":["serviceAccount:firebase-app-hosting-compute@levadura-7427a.iam.gserviceaccount.com"]},{"role":"roles/firebaseapphosting.serviceAgent","members":["serviceAccount:service-129831398418@gcp-sa-firebaseapphosting.iam.gserviceaccount.com"]},{"role":"roles/firebaserules.system","members":["serviceAccount:service-129831398418@firebase-rules.iam.gserviceaccount.com"]},{"role":"roles/firestore.serviceAgent","members":["serviceAccount:service-129831398418@gcp-sa-firestore.iam.gserviceaccount.com"]},{"role":"roles/iam.serviceAccountTokenCreator","members":["serviceAccount:firebase-adminsdk-fbsvc@levadura-7427a.iam.gserviceaccount.com"]},{"role":"roles/owner","members":["user:ingsoftcecy@gmail.com"]},{"role":"roles/run.serviceAgent","members":["serviceAccount:service-129831398418@serverless-robot-prod.iam.gserviceaccount.com"]},{"role":"roles/storage.objectViewer","members":["serviceAccount:firebase-app-hosting-compute@levadura-7427a.iam.gserviceaccount.com"]}]}
[debug] [2026-10-01T16:38:49.429Z] Checked if tokens are valid: true, expires at: 1790875976660
[debug] [2026-10-01T16:38:49.429Z] Checked if tokens are valid: true, expires at: 1790875976660
[debug] [2026-10-01T16:38:49.429Z] >>> [apiv2][query] POST https://cloudresourcemanager.googleapis.com/v1/projects/levadura-7427a:setIamPolicy [none]
[debug] [2026-10-01T16:38:49.429Z] >>> [apiv2][body] POST https://cloudresourcemanager.googleapis.com/v1/projects/levadura-7427a:setIamPolicy {"policy":{"version":1,"etag":"BwZcyfgH40Q=","bindings":[{"role":"roles/artifactregistry.serviceAgent","members":["serviceAccount:service-129831398418@gcp-sa-artifactregistry.iam.gserviceaccount.com"]},{"role":"roles/cloudbuild.builds.builder","members":["serviceAccount:129831398418@cloudbuild.gserviceaccount.com"]},{"role":"roles/cloudbuild.serviceAgent","members":["serviceAccount:service-129831398418@gcp-sa-cloudbuild.iam.gserviceaccount.com"]},{"role":"roles/containerregistry.ServiceAgent","members":["serviceAccount:service-129831398418@containerregistry.iam.gserviceaccount.com"]},{"role":"roles/developerconnect.readTokenAccessor","members":["serviceAccount:firebase-app-hosting-compute@levadura-7427a.iam.gserviceaccount.com"]},{"role":"roles/firebase.managementServiceAgent","members":["serviceAccount:service-129831398418@gcp-sa-firebase.iam.gserviceaccount.com"]},{"role":"roles/firebase.sdkAdminServiceAgent","members":["serviceAccount:firebase-adminsdk-fbsvc@levadura-7427a.iam.gserviceaccount.com","serviceAccount:firebase-app-hosting-compute@levadura-7427a.iam.gserviceaccount.com"]},{"role":"roles/firebaseapphosting.computeRunner","members":["serviceAccount:firebase-app-hosting-compute@levadura-7427a.iam.gserviceaccount.com"]},{"role":"roles/firebaseapphosting.serviceAgent","members":["serviceAccount:service-129831398418@gcp-sa-firebaseapphosting.iam.gserviceaccount.com"]},{"role":"roles/firebaserules.system","members":["serviceAccount:service-129831398418@firebase-rules.iam.gserviceaccount.com"]},{"role":"roles/firestore.serviceAgent","members":["serviceAccount:service-129831398418@gcp-sa-firestore.iam.gserviceaccount.com"]},{"role":"roles/iam.serviceAccountTokenCreator","members":["serviceAccount:firebase-adminsdk-fbsvc@levadura-7427a.iam.gserviceaccount.com"]},{"role":"roles/owner","members":["user:ingsoftcecy@gmail.com"]},{"role":"roles/run.serviceAgent","members":["serviceAccount:service-129831398418@serverless-robot-prod.iam.gserviceaccount.com"]},{"role":"roles/storage.objectViewer","members":["serviceAccount:firebase-app-hosting-compute@levadura-7427a.iam.gserviceaccount.com"]}]},"updateMask":"bindings"}
[debug] [2026-10-01T16:38:50.152Z] <<< [apiv2][status] POST https://cloudresourcemanager.googleapis.com/v1/projects/levadura-7427a:setIamPolicy 200
[debug] [2026-10-01T16:38:50.152Z] <<< [apiv2][body] POST https://cloudresourcemanager.googleapis.com/v1/projects/levadura-7427a:setIamPolicy {"version":1,"etag":"BwZcygzT4mo=","bindings":[{"role":"roles/artifactregistry.serviceAgent","members":["serviceAccount:service-129831398418@gcp-sa-artifactregistry.iam.gserviceaccount.com"]},{"role":"roles/cloudbuild.builds.builder","members":["serviceAccount:129831398418@cloudbuild.gserviceaccount.com"]},{"role":"roles/cloudbuild.serviceAgent","members":["serviceAccount:service-129831398418@gcp-sa-cloudbuild.iam.gserviceaccount.com"]},{"role":"roles/containerregistry.ServiceAgent","members":["serviceAccount:service-129831398418@containerregistry.iam.gserviceaccount.com"]},{"role":"roles/developerconnect.readTokenAccessor","members":["serviceAccount:firebase-app-hosting-compute@levadura-7427a.iam.gserviceaccount.com"]},{"role":"roles/firebase.managementServiceAgent","members":["serviceAccount:service-129831398418@gcp-sa-firebase.iam.gserviceaccount.com"]},{"role":"roles/firebase.sdkAdminServiceAgent","members":["serviceAccount:firebase-adminsdk-fbsvc@levadura-7427a.iam.gserviceaccount.com","serviceAccount:firebase-app-hosting-compute@levadura-7427a.iam.gserviceaccount.com"]},{"role":"roles/firebaseapphosting.computeRunner","members":["serviceAccount:firebase-app-hosting-compute@levadura-7427a.iam.gserviceaccount.com"]},{"role":"roles/firebaseapphosting.serviceAgent","members":["serviceAccount:service-129831398418@gcp-sa-firebaseapphosting.iam.gserviceaccount.com"]},{"role":"roles/firebaserules.system","members":["serviceAccount:service-129831398418@firebase-rules.iam.gserviceaccount.com"]},{"role":"roles/firestore.serviceAgent","members":["serviceAccount:service-129831398418@gcp-sa-firestore.iam.gserviceaccount.com"]},{"role":"roles/iam.serviceAccountTokenCreator","members":["serviceAccount:firebase-adminsdk-fbsvc@levadura-7427a.iam.gserviceaccount.com"]},{"role":"roles/owner","members":["user:ingsoftcecy@gmail.com"]},{"role":"roles/run.serviceAgent","members":["serviceAccount:service-129831398418@serverless-robot-prod.iam.gserviceaccount.com"]},{"role":"roles/storage.objectViewer","members":["serviceAccount:firebase-app-hosting-compute@levadura-7427a.iam.gserviceaccount.com"]}]}
[debug] [2026-10-01T16:38:50.153Z] Checked if tokens are valid: true, expires at: 1790875976660
[debug] [2026-10-01T16:38:50.153Z] Checked if tokens are valid: true, expires at: 1790875976660
[debug] [2026-10-01T16:38:50.153Z] >>> [apiv2][query] GET https://firebaseapphosting.googleapis.com/v1beta/projects/levadura-7427a/locations/-/backends 
[debug] [2026-10-01T16:38:50.760Z] <<< [apiv2][status] GET https://firebaseapphosting.googleapis.com/v1beta/projects/levadura-7427a/locations/-/backends 200
[debug] [2026-10-01T16:38:50.761Z] <<< [apiv2][body] GET https://firebaseapphosting.googleapis.com/v1beta/projects/levadura-7427a/locations/-/backends {"backends":[{"name":"projects/levadura-7427a/locations/us-central1/backends/panel-levadura-web","createTime":"2026-08-24T22:18:24.212570395Z","updateTime":"2026-10-01T16:35:45.942728Z","labels":{"deployment-tool":"cli-firebase"},"uri":"panel-levadura-web--levadura-7427a.us-central1.hosted.app","managedResources":[{"runService":{"service":"projects/129831398418/locations/us-central1/services/panel-levadura-web"}}],"uid":"8768f41c-aa00-459f-b401-05c6caf37fa4","etag":"sHLHZ9a9icGuEjAaHzKNWb4bJXb0U68EaRkZ56GGcKE","reconciling":false,"servingLocality":"GLOBAL_ACCESS","serviceAccount":"firebase-app-hosting-compute@levadura-7427a.iam.gserviceaccount.com","appId":"1:129831398418:web:24ec88209c43aa5f92fccb","runtime":{"value":"nodejs"}},{"name":"projects/levadura-7427a/locations/us-central1/backends/app","createTime":"2026-08-21T20:27:02.789952353Z","updateTime":"2026-10-01T16:35:15.577558Z","labels":{"deployment-tool":"cli-firebase"},"uri":"app--levadura-7427a.us-central1.hosted.app","managedResources":[{"runService":{"service":"projects/129831398418/locations/us-central1/services/app"}}],"uid":"204e426a-86da-4604-92d4-fa54eec268ae","etag":"N9OxDhZ6UZuacW61hUZzs9N31gwnJU7u7zfwj5bq0vI","reconciling":false,"servingLocality":"GLOBAL_ACCESS","serviceAccount":"firebase-app-hosting-compute@levadura-7427a.iam.gserviceaccount.com","appId":"1:129831398418:web:64934e48a5601dff92fccb","runtime":{"value":"nodejs22"}}]}
[info] i  apphosting: Found backend(s) app, panel-levadura-web 
[info] i  hosting[levadura-7427a]: beginning deploy... 
[info] i  hosting[levadura-7427a]: found 43 files in out 
[debug] [2026-10-01T16:38:50.785Z] [hosting] uploading with 200 concurrency
[debug] [2026-10-01T16:38:50.811Z] Checked if tokens are valid: true, expires at: 1790875976660
[debug] [2026-10-01T16:38:50.811Z] Checked if tokens are valid: true, expires at: 1790875976660
[debug] [2026-10-01T16:38:50.812Z] [hosting] hash cache [b3V0] stored for 43 files
[debug] [2026-10-01T16:38:50.812Z] [hosting][hash queue][FINAL] {"max":7,"min":0,"avg":0,"active":0,"complete":43,"success":43,"errored":0,"retried":0,"total":43,"elapsed":9}
[debug] [2026-10-01T16:38:50.813Z] >>> [apiv2][query] POST https://firebasehosting.googleapis.com/v1beta1/projects/129831398418/sites/levadura-7427a/versions/d7821f223896db3f:populateFiles [none]
[debug] [2026-10-01T16:38:50.813Z] >>> [apiv2][body] POST https://firebasehosting.googleapis.com/v1beta1/projects/129831398418/sites/levadura-7427a/versions/d7821f223896db3f:populateFiles {"files":{"/__next.__PAGE__.txt":"3dbd2b6bd1f97a021ef233080231e8b7fe460e08ba45dce0dc8d5ed3d3379500","/__next._tree.txt":"8429099bc04282f1f9672cf19edd6536a71d6af91810a87fc62da84c21a3f53e","/__next._full.txt":"629f37383df0e4388eb7e25daab64a1d3fc1327905394f808c395b47fa845c8f","/_not-found.txt":"9a9f631205d63b3f48875b5e52f1684990f5b1476407b93cb705e3c77cf7b0cd","/_not-found.html":"8565ca5f875aa9edd8446adb90d6e70c4fc628a9d6f3356a72b98f4095680c4d","/placeholder.svg":"e5d7fc1002e286d37e275880d06005479739e66ca5b5663a6e9cf2da3a709a31","/placeholder.jpg":"b3cfce52a0ca4b992d118cf1306d382e938a53e92bf4fb5228c24f8355ac6a3c","/placeholder-user.jpg":"6ae3ea5721206c5fe80b68e7599e10b5d74eb70f4ad9c61efb46a86727448529","/placeholder-logo.svg":"7155c0a70e8a7b2cbbb64d5bdc94e1f8631490a526b337ff0e9d36ab77545b6e","/placeholder-logo.png":"ca28bea61957daebc4b23fca88978227a5ce9cf7bd273d2968b31f4f8293a112","/index.txt":"629f37383df0e4388eb7e25daab64a1d3fc1327905394f808c395b47fa845c8f","/index.html":"9294447ca676fbc077b27b6880bdb178460e13a3e821a137841fe1f3815e07ee","/icon.svg":"d31ba91a9f73bc6e06e171d05bd6fb710b6a87f725895ec8885b6140701ed851","/icon-light-32x32.png":"f372eb2e1577bc3cbab853bce6d018b8546b5222f2dc1f06fa413d33a5706539","/icon-dark-32x32.png":"9a8651165d87fec052e520239ff4cf54170df933bcbc11a1d8c78eb7cee02ff8","/apple-icon.png":"9c9327d7c2775fa2f69d52b773aff262738915c2a9172305ec5e2bf08c149827","/404.html":"8565ca5f875aa9edd8446adb90d6e70c4fc628a9d6f3356a72b98f4095680c4d","/_not-found/__next._tree.txt":"f97f0b816ce842c8187f60bdd4050a8232bc6a5925121a9946e6a656fd7e3d60","/_not-found/__next._full.txt":"9a9f631205d63b3f48875b5e52f1684990f5b1476407b93cb705e3c77cf7b0cd","/_not-found/__next._not-found/__PAGE__.txt":"8130c8722fc24fa516652222fda83154b330830b3affba7a60acae8ec8c357db","/_next/static/media/fef07dbb0973bf53-s.3p2_lha1f2xer.woff2":"4cd714514fc3454c1fdc247cf7be84c91aec7662e952cfe8c11cb8766ef8c3f4","/_next/static/media/caa3a2e1cccd8315-s.p.0wgildi0cnwt9.woff2":"a1862350cad8975186ec7d95e2c6f6ad548d6bd2219ffaa79420067bbf14ad49","/_next/static/media/bbc41e54d2fcbd21-s.1rgnod-3esatf.woff2":"4dbb7256d9d00e9a17abbebde8158aed37ed52ea1eb5d89ee1bf46c267c6503c","/_next/static/media/8a480f0b521d4e75-s.1qq4vpdcun5oj.woff2":"9e317fb808ec4714d6144f277f4de983b017fe5f3753369936ad5359f06b02e5","/_next/static/media/7d817b4c03b0c5f1-s.1uyisp29ctx0d.woff2":"da5b8e216b8eee28084975264aa5d7f97a5d3f120e08eec863ecd115d25dd71f","/_next/static/media/797e433ab948586e-s.p.0r6juujl39pe6.woff2":"17e78e12743a2b7e03c7884282eb91f02614295c7be958eccadf5bae76736f95","/_next/static/media/7178b3e590c64307-s.21jp631_3pja2.woff2":"9db501bf314e8bcbd31ac7f79495753a2a2da4243c362edc5f07928f3c9146a0","/_next/static/media/6306c77e7c8268e4-s.2dbetqa9o8jxf.woff2":"ea578227833360be14c93f3d1deefa6c7b0121157da02c1196802ea37710ef38","/_next/static/media/5ce348bf30bf5439-s.31988l_ccedte.woff2":"03421b339031c94c0ccae52a61151ef819a86c92f3253fc112962cd66a237712","/_next/static/media/53b9e256198e5412-s.390ncx5urfkfu.woff2":"4e4038e4cb17b1349cc9c717fca51c0e00782a2093bd8a939efc70e5d78bceb7","/_next/static/media/4fa387ec64143e14-s.2tuy5pz7dlieh.woff2":"fbc4b0ae2f6fd54ec1611da4612c306a0b574d138013f467a4e90af735cc97a4","/_next/static/chunks/turbopack-2s-urnkhxl-nf.js":"1bbf68e90636abf26c781987eb3e84d60cf5cb7b479f344b62322116e498ff21","/_next/static/chunks/3fntmmi971322.js":"bf886fbb3963f24b5eebcc6e33a72605a3e77fdc28771ad9f706f86109e26534","/_next/static/chunks/3aprmcytxelyv.css":"7d5ddbc00e593b5984db63862c2991bc37ca6f35146e8cab0e2ad850aa9fe12d","/_next/static/chunks/1ycszx091w9n5.js":"a16a8b861c3ba6b5903a21c138668e987cd42b64421d150e38aa2efc6bd5be39","/_next/static/chunks/1l_7zbgjgu9cm.js":"0c376db218ddfdc1cd639b83c3104119e9d186ff1f51ae2b3ed6c3aebcf7d2a7","/_next/static/chunks/1inwntv0b4r-7.js":"04936b73db5fd405c531183ab6701380cae370fbfcecd7f5c31660e795820713","/_next/static/chunks/0cz1d0mv5g_q7.js":"18e28d3214eda45048d80d3925ea7627b809e69ad2e95f7f98459e9146a61c3d","/_next/static/chunks/08ttfj81-47mu.js":"2e2a42d69009012c04bf6a40267c3ad9d401de43fb0422d42a1b60c68ba99c9a","/_next/static/9w5MdR-wNHxZXWvAGTM9t/_ssgManifest.js":"dc28a4dc92fe352ed5d2201bd3972ce47691bc8e89e0400a68d1541d0567c6d5","/_next/static/9w5MdR-wNHxZXWvAGTM9t/_clientMiddlewareManifest.js":"5e57f6166b702492ab9551af57e4546546c184673a4c0432f73b96f62820f7eb","/_next/static/9w5MdR-wNHxZXWvAGTM9t/_buildManifest.js":"dcbe1c9b9159ca21caea98e1bad364012ae284e9551375ca62b83d2811efac91","/contexto/Propagacion_Levadura.xlsx":"a1727f0d197fd4e0c188caf9bfc362799d1882b03a5b90a6b05ba1cd94c76a67"}}
[debug] [2026-10-01T16:38:51.217Z] <<< [apiv2][status] POST https://firebasehosting.googleapis.com/v1beta1/projects/129831398418/sites/levadura-7427a/versions/d7821f223896db3f:populateFiles 200
[debug] [2026-10-01T16:38:51.217Z] <<< [apiv2][body] POST https://firebasehosting.googleapis.com/v1beta1/projects/129831398418/sites/levadura-7427a/versions/d7821f223896db3f:populateFiles {"uploadUrl":"https://upload-firebasehosting.googleapis.com/upload/sites/levadura-7427a/versions/d7821f223896db3f/files"}
[debug] [2026-10-01T16:38:51.217Z] [hosting][populate queue][FINAL] {"max":406,"min":406,"avg":406,"active":0,"complete":1,"success":1,"errored":0,"retried":0,"total":1,"elapsed":406}
[debug] [2026-10-01T16:38:51.217Z] [hosting] uploads queued: 0
[debug] [2026-10-01T16:38:51.218Z] [hosting][upload queue][FINAL] {"max":0,"min":9999999999,"avg":0,"active":0,"complete":0,"success":0,"errored":0,"retried":0,"total":0,"elapsed":1790872731218}
[info] +  hosting[levadura-7427a]: file upload complete 
[debug] [2026-10-01T16:38:51.219Z] [hosting] deploy completed after 455ms
[debug] [2026-10-01T16:38:51.220Z] Checked if tokens are valid: true, expires at: 1790875976660
[debug] [2026-10-01T16:38:51.220Z] Checked if tokens are valid: true, expires at: 1790875976660
[debug] [2026-10-01T16:38:51.220Z] >>> [apiv2][query] GET https://cloudresourcemanager.googleapis.com/v1/projects/levadura-7427a [none]
[debug] [2026-10-01T16:38:51.323Z] <<< [apiv2][status] GET https://cloudresourcemanager.googleapis.com/v1/projects/levadura-7427a 200
[debug] [2026-10-01T16:38:51.323Z] <<< [apiv2][body] GET https://cloudresourcemanager.googleapis.com/v1/projects/levadura-7427a {"projectNumber":"129831398418","projectId":"levadura-7427a","lifecycleState":"ACTIVE","name":"levadura","labels":{"firebase":"enabled","firebase-core":"disabled"},"createTime":"2026-08-21T19:33:11.366Z","parent":{"type":"organization","id":"1010500864492"}}
[debug] [2026-10-01T16:38:51.324Z] Checked if tokens are valid: true, expires at: 1790875976660
[debug] [2026-10-01T16:38:51.324Z] Checked if tokens are valid: true, expires at: 1790875976660
[debug] [2026-10-01T16:38:51.324Z] Checked if tokens are valid: true, expires at: 1790875976660
[debug] [2026-10-01T16:38:51.324Z] Checked if tokens are valid: true, expires at: 1790875976660
[debug] [2026-10-01T16:38:51.325Z] >>> [apiv2][query] GET https://storage.googleapis.com/storage/v1/b?project=levadura-7427a 
[debug] [2026-10-01T16:38:51.326Z] >>> [apiv2][query] GET https://storage.googleapis.com/storage/v1/b?project=levadura-7427a 
[debug] [2026-10-01T16:38:51.581Z] <<< [apiv2][status] GET https://storage.googleapis.com/storage/v1/b?project=levadura-7427a 200
[debug] [2026-10-01T16:38:51.581Z] <<< [apiv2][body] GET https://storage.googleapis.com/storage/v1/b?project=levadura-7427a {"kind":"storage#buckets","items":[{"kind":"storage#bucket","selfLink":"https://www.googleapis.com/storage/v1/b/firebaseapphosting-sources-129831398418-us-central1","id":"firebaseapphosting-sources-129831398418-us-central1","name":"firebaseapphosting-sources-129831398418-us-central1","projectNumber":"129831398418","generation":"1787344133859907216","metageneration":"1","location":"US-CENTRAL1","storageClass":"STANDARD","etag":"CAE=","timeCreated":"2026-08-21T20:28:54.075Z","updated":"2026-08-21T20:28:54.075Z","lifecycle":{"rule":[{"action":{"type":"Delete"},"condition":{"age":30}}]},"labels":{"apphosting-source-us-central1":"true"},"softDeletePolicy":{"retentionDurationSeconds":"604800","effectiveTime":"2026-08-21T20:28:54.075Z"},"iamConfiguration":{"bucketPolicyOnly":{"enabled":true,"lockedTime":"2026-11-19T20:28:54.075Z"},"uniformBucketLevelAccess":{"enabled":true,"lockedTime":"2026-11-19T20:28:54.075Z"},"publicAccessPrevention":"inherited"},"locationType":"region","satisfiesPZI":true}]}
[debug] [2026-10-01T16:38:51.667Z] <<< [apiv2][status] GET https://storage.googleapis.com/storage/v1/b?project=levadura-7427a 200
[debug] [2026-10-01T16:38:51.667Z] <<< [apiv2][body] GET https://storage.googleapis.com/storage/v1/b?project=levadura-7427a {"kind":"storage#buckets","items":[{"kind":"storage#bucket","selfLink":"https://www.googleapis.com/storage/v1/b/firebaseapphosting-sources-129831398418-us-central1","id":"firebaseapphosting-sources-129831398418-us-central1","name":"firebaseapphosting-sources-129831398418-us-central1","projectNumber":"129831398418","generation":"1787344133859907216","metageneration":"1","location":"US-CENTRAL1","storageClass":"STANDARD","etag":"CAE=","timeCreated":"2026-08-21T20:28:54.075Z","updated":"2026-08-21T20:28:54.075Z","lifecycle":{"rule":[{"action":{"type":"Delete"},"condition":{"age":30}}]},"labels":{"apphosting-source-us-central1":"true"},"softDeletePolicy":{"retentionDurationSeconds":"604800","effectiveTime":"2026-08-21T20:28:54.075Z"},"iamConfiguration":{"bucketPolicyOnly":{"enabled":true,"lockedTime":"2026-11-19T20:28:54.075Z"},"uniformBucketLevelAccess":{"enabled":true,"lockedTime":"2026-11-19T20:28:54.075Z"},"publicAccessPrevention":"inherited"},"locationType":"region","satisfiesPZI":true}]}
[info] i  apphosting: Zipped source for backend app 
[info] i  apphosting: Uploading source for backend app... 
[debug] [2026-10-01T16:38:52.183Z] Checked if tokens are valid: true, expires at: 1790875976660
[debug] [2026-10-01T16:38:52.183Z] Checked if tokens are valid: true, expires at: 1790875976660
[debug] [2026-10-01T16:38:52.184Z] >>> [apiv2][query] PUT https://storage.googleapis.com/firebaseapphosting-sources-129831398418-us-central1/app--27812-UL6PYXhr2eza-.zip [none]
[debug] [2026-10-01T16:38:52.184Z] >>> [apiv2][body] PUT https://storage.googleapis.com/firebaseapphosting-sources-129831398418-us-central1/app--27812-UL6PYXhr2eza-.zip [stream]
[info] i  apphosting: Zipped source for backend panel-levadura-web 
[info] i  apphosting: Uploading source for backend panel-levadura-web... 
[debug] [2026-10-01T16:38:52.187Z] Checked if tokens are valid: true, expires at: 1790875976660
[debug] [2026-10-01T16:38:52.187Z] Checked if tokens are valid: true, expires at: 1790875976660
[debug] [2026-10-01T16:38:52.187Z] >>> [apiv2][query] PUT https://storage.googleapis.com/firebaseapphosting-sources-129831398418-us-central1/panel-levadura-web--27812-7V5NEAZSv8DK-.zip [none]
[debug] [2026-10-01T16:38:52.187Z] >>> [apiv2][body] PUT https://storage.googleapis.com/firebaseapphosting-sources-129831398418-us-central1/panel-levadura-web--27812-7V5NEAZSv8DK-.zip [stream]
[debug] [2026-10-01T16:38:52.546Z] <<< [apiv2][status] PUT https://storage.googleapis.com/firebaseapphosting-sources-129831398418-us-central1/panel-levadura-web--27812-7V5NEAZSv8DK-.zip 200
[debug] [2026-10-01T16:38:52.546Z] <<< [apiv2][body] PUT https://storage.googleapis.com/firebaseapphosting-sources-129831398418-us-central1/panel-levadura-web--27812-7V5NEAZSv8DK-.zip undefined
[info] i  apphosting: Uploaded at gs://firebaseapphosting-sources-129831398418-us-central1/panel-levadura-web--27812-7V5NEAZSv8DK-.zip 
[debug] [2026-10-01T16:38:52.547Z] <<< [apiv2][status] PUT https://storage.googleapis.com/firebaseapphosting-sources-129831398418-us-central1/app--27812-UL6PYXhr2eza-.zip 200
[debug] [2026-10-01T16:38:52.547Z] <<< [apiv2][body] PUT https://storage.googleapis.com/firebaseapphosting-sources-129831398418-us-central1/app--27812-UL6PYXhr2eza-.zip undefined
[info] i  apphosting: Uploaded at gs://firebaseapphosting-sources-129831398418-us-central1/app--27812-UL6PYXhr2eza-.zip 
[debug] [2026-10-01T16:38:52.548Z] [
  {
    "config": {
      "public": "out",
      "ignore": [
        "firebase.json",
        "**/.*",
        "**/node_modules/**"
      ],
      "rewrites": [
        {
          "source": "**",
          "destination": "/index.html"
        }
      ],
      "database": {
        "rules": "database.rules.json"
      },
      "site": "levadura-7427a"
    },
    "version": "projects/129831398418/sites/levadura-7427a/versions/d7821f223896db3f"
  }
]
[info] i  hosting[levadura-7427a]: finalizing version... 
[debug] [2026-10-01T16:38:52.549Z] Checked if tokens are valid: true, expires at: 1790875976660
[debug] [2026-10-01T16:38:52.549Z] Checked if tokens are valid: true, expires at: 1790875976660
[debug] [2026-10-01T16:38:52.550Z] >>> [apiv2][query] PATCH https://firebasehosting.googleapis.com/v1beta1/projects/-/sites/levadura-7427a/versions/d7821f223896db3f updateMask=status%2Cconfig
[debug] [2026-10-01T16:38:52.550Z] >>> [apiv2][body] PATCH https://firebasehosting.googleapis.com/v1beta1/projects/-/sites/levadura-7427a/versions/d7821f223896db3f {"status":"FINALIZED","config":{"rewrites":[{"glob":"**","path":"/index.html"}]}}
[debug] [2026-10-01T16:38:52.923Z] <<< [apiv2][status] PATCH https://firebasehosting.googleapis.com/v1beta1/projects/-/sites/levadura-7427a/versions/d7821f223896db3f 200
[debug] [2026-10-01T16:38:52.923Z] <<< [apiv2][body] PATCH https://firebasehosting.googleapis.com/v1beta1/projects/-/sites/levadura-7427a/versions/d7821f223896db3f {"name":"projects/129831398418/sites/levadura-7427a/versions/d7821f223896db3f","status":"FINALIZED","config":{"rewrites":[{"glob":"**","path":"/index.html"}]},"labels":{"deployment-tool":"cli-firebase"},"createTime":"2026-10-01T16:38:46.324124Z","createUser":{"email":"ingsoftcecy@gmail.com"},"finalizeTime":"2026-10-01T16:38:51.271208Z","finalizeUser":{"email":"ingsoftcecy@gmail.com"}}
[debug] [2026-10-01T16:38:52.924Z] [hosting] finalized version for levadura-7427a:[object Object]
[info] +  hosting[levadura-7427a]: version finalized 
[info] i  hosting[levadura-7427a]: releasing new version... 
[debug] [2026-10-01T16:38:52.924Z] Checked if tokens are valid: true, expires at: 1790875976660
[debug] [2026-10-01T16:38:52.924Z] Checked if tokens are valid: true, expires at: 1790875976660
[debug] [2026-10-01T16:38:52.924Z] >>> [apiv2][query] POST https://firebasehosting.googleapis.com/v1beta1/projects/-/sites/levadura-7427a/channels/live/releases versionName=projects%2F129831398418%2Fsites%2Flevadura-7427a%2Fversions%2Fd7821f223896db3f
[debug] [2026-10-01T16:38:52.924Z] >>> [apiv2][body] POST https://firebasehosting.googleapis.com/v1beta1/projects/-/sites/levadura-7427a/channels/live/releases {}
[debug] [2026-10-01T16:38:53.424Z] <<< [apiv2][status] POST https://firebasehosting.googleapis.com/v1beta1/projects/-/sites/levadura-7427a/channels/live/releases 200
[debug] [2026-10-01T16:38:53.424Z] <<< [apiv2][body] POST https://firebasehosting.googleapis.com/v1beta1/projects/-/sites/levadura-7427a/channels/live/releases {"name":"projects/129831398418/sites/levadura-7427a/channels/live/releases/1790872731071000","version":{"name":"projects/129831398418/sites/levadura-7427a/versions/d7821f223896db3f","status":"FINALIZED","config":{"rewrites":[{"glob":"**","path":"/index.html"}]},"labels":{"deployment-tool":"cli-firebase"},"createTime":"2026-10-01T16:38:46.324124Z","createUser":{"email":"ingsoftcecy@gmail.com","imageUrl":"https://lh3.googleusercontent.com/a/ACg8ocLMWC5yHBchBTWb0UIKmwizAYXjOzr7G1-FegKeI_gaMvw_IA=mo"},"finalizeTime":"2026-10-01T16:38:51.271208Z","finalizeUser":{"email":"ingsoftcecy@gmail.com","imageUrl":"https://lh3.googleusercontent.com/a/ACg8ocLMWC5yHBchBTWb0UIKmwizAYXjOzr7G1-FegKeI_gaMvw_IA=mo"}},"type":"DEPLOY","releaseTime":"2026-10-01T16:38:51.071Z","releaseUser":{"email":"ingsoftcecy@gmail.com","imageUrl":"https://lh3.googleusercontent.com/a/ACg8ocLMWC5yHBchBTWb0UIKmwizAYXjOzr7G1-FegKeI_gaMvw_IA=mo"}}
[debug] [2026-10-01T16:38:53.424Z] [hosting] release: {"name":"projects/129831398418/sites/levadura-7427a/channels/live/releases/1790872731071000","version":{"name":"projects/129831398418/sites/levadura-7427a/versions/d7821f223896db3f","status":"FINALIZED","config":{"rewrites":[{"glob":"**","path":"/index.html"}]},"labels":{"deployment-tool":"cli-firebase"},"createTime":"2026-10-01T16:38:46.324124Z","createUser":{"email":"ingsoftcecy@gmail.com","imageUrl":"https://lh3.googleusercontent.com/a/ACg8ocLMWC5yHBchBTWb0UIKmwizAYXjOzr7G1-FegKeI_gaMvw_IA=mo"},"finalizeTime":"2026-10-01T16:38:51.271208Z","finalizeUser":{"email":"ingsoftcecy@gmail.com","imageUrl":"https://lh3.googleusercontent.com/a/ACg8ocLMWC5yHBchBTWb0UIKmwizAYXjOzr7G1-FegKeI_gaMvw_IA=mo"}},"type":"DEPLOY","releaseTime":"2026-10-01T16:38:51.071Z","releaseUser":{"email":"ingsoftcecy@gmail.com","imageUrl":"https://lh3.googleusercontent.com/a/ACg8ocLMWC5yHBchBTWb0UIKmwizAYXjOzr7G1-FegKeI_gaMvw_IA=mo"}}
[info] +  hosting[levadura-7427a]: release complete 
[debug] [2026-10-01T16:38:53.426Z] Checked if tokens are valid: true, expires at: 1790875976660
[debug] [2026-10-01T16:38:53.426Z] Checked if tokens are valid: true, expires at: 1790875976660
[debug] [2026-10-01T16:38:53.426Z] Checked if tokens are valid: true, expires at: 1790875976660
[debug] [2026-10-01T16:38:53.426Z] Checked if tokens are valid: true, expires at: 1790875976660
[debug] [2026-10-01T16:38:53.426Z] Checked if tokens are valid: true, expires at: 1790875976660
[debug] [2026-10-01T16:38:53.426Z] Checked if tokens are valid: true, expires at: 1790875976660
[debug] [2026-10-01T16:38:53.426Z] Checked if tokens are valid: true, expires at: 1790875976660
[debug] [2026-10-01T16:38:53.426Z] Checked if tokens are valid: true, expires at: 1790875976660
[info] i  apphosting: You may also track the rollout(s) at:
	https://console.firebase.google.com/project/levadura-7427a/apphosting 
[debug] [2026-10-01T16:38:53.429Z] >>> [apiv2][query] GET https://firebaseapphosting.googleapis.com/v1beta/projects/levadura-7427a/locations/us-central1/backends/app/rollouts 
[debug] [2026-10-01T16:38:53.429Z] >>> [apiv2][query] GET https://firebaseapphosting.googleapis.com/v1beta/projects/levadura-7427a/locations/us-central1/backends/app/builds 
[debug] [2026-10-01T16:38:53.431Z] >>> [apiv2][query] GET https://firebaseapphosting.googleapis.com/v1beta/projects/levadura-7427a/locations/us-central1/backends/panel-levadura-web/rollouts 
[debug] [2026-10-01T16:38:53.432Z] >>> [apiv2][query] GET https://firebaseapphosting.googleapis.com/v1beta/projects/levadura-7427a/locations/us-central1/backends/panel-levadura-web/builds 
[debug] [2026-10-01T16:38:53.616Z] <<< [apiv2][status] GET https://firebaseapphosting.googleapis.com/v1beta/projects/levadura-7427a/locations/us-central1/backends/app/builds 200
[debug] [2026-10-01T16:38:53.617Z] <<< [apiv2][body] GET https://firebaseapphosting.googleapis.com/v1beta/projects/levadura-7427a/locations/us-central1/backends/app/builds {"builds":[{"name":"projects/levadura-7427a/locations/us-central1/backends/app/builds/build-2026-10-01-001","state":"READY","image":"us-central1-docker.pkg.dev/levadura-7427a/firebaseapphosting-images/app:build-2026-10-01-001","config":{"runConfig":{},"env":[{"variable":"FIREBASE_CONFIG","value":"{\"databaseURL\":\"\",\"projectId\":\"levadura-7427a\",\"storageBucket\":\"levadura-7427a.firebasestorage.app\"}","availability":["BUILD","RUNTIME"]},{"variable":"FIREBASE_WEBAPP_CONFIG","value":"{\"apiKey\":\"AIzaSyC-E2SPHf1EmcxkbmAWgE5_8jBYHWoHR_U\",\"appId\":\"1:129831398418:web:64934e48a5601dff92fccb\",\"authDomain\":\"levadura-7427a.firebaseapp.com\",\"databaseURL\":\"\",\"messagingSenderId\":\"129831398418\",\"projectId\":\"levadura-7427a\",\"storageBucket\":\"levadura-7427a.firebasestorage.app\"}","availability":["BUILD"]},{"variable":"NG_TRUST_PROXY_HEADERS","value":"X-Forwarded-Host","availability":["RUNTIME"]},{"variable":"NG_ALLOWED_HOSTS","value":"app-129831398418.us-central1.run.app,app-47bogxhktq-uc.a.run.app,t-1202966222---app-47bogxhktq-uc.a.run.app,app--levadura-7427a.us-central1.hosted.app","availability":["RUNTIME"]}],"effectiveEnv":[{"variable":"FIREBASE_CONFIG","value":"{\"databaseURL\":\"\",\"projectId\":\"levadura-7427a\",\"storageBucket\":\"levadura-7427a.firebasestorage.app\"}","availability":["BUILD","RUNTIME"],"origin":"FIREBASE_SYSTEM"},{"variable":"FIREBASE_WEBAPP_CONFIG","value":"{\"apiKey\":\"AIzaSyC-E2SPHf1EmcxkbmAWgE5_8jBYHWoHR_U\",\"appId\":\"1:129831398418:web:64934e48a5601dff92fccb\",\"authDomain\":\"levadura-7427a.firebaseapp.com\",\"databaseURL\":\"\",\"messagingSenderId\":\"129831398418\",\"projectId\":\"levadura-7427a\",\"storageBucket\":\"levadura-7427a.firebasestorage.app\"}","availability":["BUILD"],"origin":"FIREBASE_SYSTEM"},{"variable":"NG_TRUST_PROXY_HEADERS","value":"X-Forwarded-Host","availability":["RUNTIME"],"origin":"FIREBASE_SYSTEM"},{"variable":"NG_ALLOWED_HOSTS","value":"app-129831398418.us-central1.run.app,app-47bogxhktq-uc.a.run.app,t-1202966222---app-47bogxhktq-uc.a.run.app,app--levadura-7427a.us-central1.hosted.app","availability":["RUNTIME"],"origin":"FIREBASE_SYSTEM"}]},"source":{"archive":{"rootDirectory":"/","userStorageUri":"gs://firebaseapphosting-sources-129831398418-us-central1/app--6120-zpZxVvToHTnf-.zip"}},"buildLogsUri":"https://console.cloud.google.com/cloud-build/builds;region=us-central1/1f877711-a76b-4c9c-8020-5a0dff886890?project=129831398418","createTime":"2026-10-01T16:33:03.426165790Z","updateTime":"2026-10-01T16:35:14.876201Z","labels":{"deployment-tool":"cli-firebase"},"uid":"8c61f962-2cd5-43c0-a55f-ca9d81db41f3","etag":"N2eeKoqI6r35EvUcuETGP5UvoWawmRN6IOYFtZDv5fY","reconciling":false},{"name":"projects/levadura-7427a/locations/us-central1/backends/app/builds/build-2026-08-27-001","state":"READY","image":"us-central1-docker.pkg.dev/levadura-7427a/firebaseapphosting-images/app:build-2026-08-27-001","config":{"runConfig":{},"env":[{"variable":"FIREBASE_CONFIG","value":"{\"databaseURL\":\"\",\"projectId\":\"levadura-7427a\",\"storageBucket\":\"levadura-7427a.firebasestorage.app\"}","availability":["BUILD","RUNTIME"]},{"variable":"FIREBASE_WEBAPP_CONFIG","value":"{\"apiKey\":\"AIzaSyC-E2SPHf1EmcxkbmAWgE5_8jBYHWoHR_U\",\"appId\":\"1:129831398418:web:64934e48a5601dff92fccb\",\"authDomain\":\"levadura-7427a.firebaseapp.com\",\"databaseURL\":\"\",\"messagingSenderId\":\"129831398418\",\"projectId\":\"levadura-7427a\",\"storageBucket\":\"levadura-7427a.firebasestorage.app\"}","availability":["BUILD"]},{"variable":"NG_TRUST_PROXY_HEADERS","value":"X-Forwarded-Host","availability":["RUNTIME"]},{"variable":"NG_ALLOWED_HOSTS","value":"app-129831398418.us-central1.run.app,app-47bogxhktq-uc.a.run.app,t-1418985859---app-47bogxhktq-uc.a.run.app,app--levadura-7427a.us-central1.hosted.app","availability":["RUNTIME"]}],"effectiveEnv":[{"variable":"FIREBASE_CONFIG","value":"{\"databaseURL\":\"\",\"projectId\":\"levadura-7427a\",\"storageBucket\":\"levadura-7427a.firebasestorage.app\"}","availability":["BUILD","RUNTIME"],"origin":"FIREBASE_SYSTEM"},{"variable":"FIREBASE_WEBAPP_CONFIG","value":"{\"apiKey\":\"AIzaSyC-E2SPHf1EmcxkbmAWgE5_8jBYHWoHR_U\",\"appId\":\"1:129831398418:web:64934e48a5601dff92fccb\",\"authDomain\":\"levadura-7427a.firebaseapp.com\",\"databaseURL\":\"\",\"messagingSenderId\":\"129831398418\",\"projectId\":\"levadura-7427a\",\"storageBucket\":\"levadura-7427a.firebasestorage.app\"}","availability":["BUILD"],"origin":"FIREBASE_SYSTEM"},{"variable":"NG_TRUST_PROXY_HEADERS","value":"X-Forwarded-Host","availability":["RUNTIME"],"origin":"FIREBASE_SYSTEM"},{"variable":"NG_ALLOWED_HOSTS","value":"app-129831398418.us-central1.run.app,app-47bogxhktq-uc.a.run.app,t-1418985859---app-47bogxhktq-uc.a.run.app,app--levadura-7427a.us-central1.hosted.app","availability":["RUNTIME"],"origin":"FIREBASE_SYSTEM"}]},"source":{"archive":{"rootDirectory":"/","userStorageUri":"gs://firebaseapphosting-sources-129831398418-us-central1/app--58196-BK6IBVcrpJFh-.zip"}},"buildLogsUri":"https://console.cloud.google.com/cloud-build/builds;region=us-central1/ee9b0354-d877-4b51-a443-0f561da69e8f?project=129831398418","createTime":"2026-08-27T00:07:27.098363405Z","updateTime":"2026-08-27T00:09:48.810443Z","labels":{"deployment-tool":"cli-firebase"},"uid":"6fd5e752-5ca0-4465-bd79-fbd3b208bd0b","etag":"W9fnH6d2H0ocFHlvDMNxxQOwn70UWztY1rXVZP9HO2Q","reconciling":false},{"name":"projects/levadura-7427a/locations/us-central1/backends/app/builds/build-2026-09-15-001","state":"READY","image":"us-central1-docker.pkg.dev/levadura-7427a/firebaseapphosting-images/app:build-2026-09-15-001","config":{"runConfig":{},"env":[{"variable":"FIREBASE_CONFIG","value":"{\"databaseURL\":\"\",\"projectId\":\"levadura-7427a\",\"storageBucket\":\"levadura-7427a.firebasestorage.app\"}","availability":["BUILD","RUNTIME"]},{"variable":"FIREBASE_WEBAPP_CONFIG","value":"{\"apiKey\":\"AIzaSyC-E2SPHf1EmcxkbmAWgE5_8jBYHWoHR_U\",\"appId\":\"1:129831398418:web:64934e48a5601dff92fccb\",\"authDomain\":\"levadura-7427a.firebaseapp.com\",\"databaseURL\":\"\",\"messagingSenderId\":\"129831398418\",\"projectId\":\"levadura-7427a\",\"storageBucket\":\"levadura-7427a.firebasestorage.app\"}","availability":["BUILD"]},{"variable":"NG_TRUST_PROXY_HEADERS","value":"X-Forwarded-Host","availability":["RUNTIME"]},{"variable":"NG_ALLOWED_HOSTS","value":"app-129831398418.us-central1.run.app,app-47bogxhktq-uc.a.run.app,t-2162216843---app-47bogxhktq-uc.a.run.app,app--levadura-7427a.us-central1.hosted.app","availability":["RUNTIME"]}],"effectiveEnv":[{"variable":"FIREBASE_CONFIG","value":"{\"databaseURL\":\"\",\"projectId\":\"levadura-7427a\",\"storageBucket\":\"levadura-7427a.firebasestorage.app\"}","availability":["BUILD","RUNTIME"],"origin":"FIREBASE_SYSTEM"},{"variable":"FIREBASE_WEBAPP_CONFIG","value":"{\"apiKey\":\"AIzaSyC-E2SPHf1EmcxkbmAWgE5_8jBYHWoHR_U\",\"appId\":\"1:129831398418:web:64934e48a5601dff92fccb\",\"authDomain\":\"levadura-7427a.firebaseapp.com\",\"databaseURL\":\"\",\"messagingSenderId\":\"129831398418\",\"projectId\":\"levadura-7427a\",\"storageBucket\":\"levadura-7427a.firebasestorage.app\"}","availability":["BUILD"],"origin":"FIREBASE_SYSTEM"},{"variable":"NG_TRUST_PROXY_HEADERS","value":"X-Forwarded-Host","availability":["RUNTIME"],"origin":"FIREBASE_SYSTEM"},{"variable":"NG_ALLOWED_HOSTS","value":"app-129831398418.us-central1.run.app,app-47bogxhktq-uc.a.run.app,t-2162216843---app-47bogxhktq-uc.a.run.app,app--levadura-7427a.us-central1.hosted.app","availability":["RUNTIME"],"origin":"FIREBASE_SYSTEM"}]},"source":{"archive":{"rootDirectory":"/","userStorageUri":"gs://firebaseapphosting-sources-129831398418-us-central1/app--25676-1sFrfKOSG4IT-.zip"}},"buildLogsUri":"https://console.cloud.google.com/cloud-build/builds;region=us-central1/db1c16de-ed13-4c69-b1c9-afae50962d4c?project=129831398418","createTime":"2026-09-15T13:30:40.257673475Z","updateTime":"2026-09-15T13:33:22.128972Z","labels":{"deployment-tool":"cli-firebase"},"uid":"ab006e99-6011-4ac2-b2a0-7f99f2b388d9","etag":"zObKUR0AGzDA8Q6H_7P-QlF5fgMjn6LiPQiAC_uHGR0","reconciling":false},{"name":"projects/levadura-7427a/locations/us-central1/backends/app/builds/build-2026-08-31-001","state":"READY","image":"us-central1-docker.pkg.dev/levadura-7427a/firebaseapphosting-images/app:build-2026-08-31-001","config":{"runConfig":{},"env":[{"variable":"FIREBASE_CONFIG","value":"{\"databaseURL\":\"\",\"projectId\":\"levadura-7427a\",\"storageBucket\":\"levadura-7427a.firebasestorage.app\"}","availability":["BUILD","RUNTIME"]},{"variable":"FIREBASE_WEBAPP_CONFIG","value":"{\"apiKey\":\"AIzaSyC-E2SPHf1EmcxkbmAWgE5_8jBYHWoHR_U\",\"appId\":\"1:129831398418:web:64934e48a5601dff92fccb\",\"authDomain\":\"levadura-7427a.firebaseapp.com\",\"databaseURL\":\"\",\"messagingSenderId\":\"129831398418\",\"projectId\":\"levadura-7427a\",\"storageBucket\":\"levadura-7427a.firebasestorage.app\"}","availability":["BUILD"]},{"variable":"NG_TRUST_PROXY_HEADERS","value":"X-Forwarded-Host","availability":["RUNTIME"]},{"variable":"NG_ALLOWED_HOSTS","value":"app-129831398418.us-central1.run.app,app-47bogxhktq-uc.a.run.app,t-2469726670---app-47bogxhktq-uc.a.run.app,app--levadura-7427a.us-central1.hosted.app","availability":["RUNTIME"]}],"effectiveEnv":[{"variable":"FIREBASE_CONFIG","value":"{\"databaseURL\":\"\",\"projectId\":\"levadura-7427a\",\"storageBucket\":\"levadura-7427a.firebasestorage.app\"}","availability":["BUILD","RUNTIME"],"origin":"FIREBASE_SYSTEM"},{"variable":"FIREBASE_WEBAPP_CONFIG","value":"{\"apiKey\":\"AIzaSyC-E2SPHf1EmcxkbmAWgE5_8jBYHWoHR_U\",\"appId\":\"1:129831398418:web:64934e48a5601dff92fccb\",\"authDomain\":\"levadura-7427a.firebaseapp.com\",\"databaseURL\":\"\",\"messagingSenderId\":\"129831398418\",\"projectId\":\"levadura-7427a\",\"storageBucket\":\"levadura-7427a.firebasestorage.app\"}","availability":["BUILD"],"origin":"FIREBASE_SYSTEM"},{"variable":"NG_TRUST_PROXY_HEADERS","value":"X-Forwarded-Host","availability":["RUNTIME"],"origin":"FIREBASE_SYSTEM"},{"variable":"NG_ALLOWED_HOSTS","value":"app-129831398418.us-central1.run.app,app-47bogxhktq-uc.a.run.app,t-2469726670---app-47bogxhktq-uc.a.run.app,app--levadura-7427a.us-central1.hosted.app","availability":["RUNTIME"],"origin":"FIREBASE_SYSTEM"}]},"source":{"archive":{"rootDirectory":"/","userStorageUri":"gs://firebaseapphosting-sources-129831398418-us-central1/app--10596-IWpgVZS29DMw-.zip"}},"buildLogsUri":"https://console.cloud.google.com/cloud-build/builds;region=us-central1/99af3f6c-7ae5-47fc-b307-09af3f021f67?project=129831398418","createTime":"2026-08-31T18:35:05.709280097Z","updateTime":"2026-08-31T18:37:27.602290Z","labels":{"deployment-tool":"cli-firebase"},"uid":"15d75bf8-f995-4745-96e7-e2d1f0dae036","etag":"YnfuD9cUQH7BJu4W-ZY8zHOQZRIgPLKKGC_bvsw-2K4","reconciling":false},{"name":"projects/levadura-7427a/locations/us-central1/backends/app/builds/build-2026-09-01-004","state":"READY","image":"us-central1-docker.pkg.dev/levadura-7427a/firebaseapphosting-images/app:build-2026-09-01-004","config":{"runConfig":{},"env":[{"variable":"FIREBASE_CONFIG","value":"{\"databaseURL\":\"\",\"projectId\":\"levadura-7427a\",\"storageBucket\":\"levadura-7427a.firebasestorage.app\"}","availability":["BUILD","RUNTIME"]},{"variable":"FIREBASE_WEBAPP_CONFIG","value":"{\"apiKey\":\"AIzaSyC-E2SPHf1EmcxkbmAWgE5_8jBYHWoHR_U\",\"appId\":\"1:129831398418:web:64934e48a5601dff92fccb\",\"authDomain\":\"levadura-7427a.firebaseapp.com\",\"databaseURL\":\"\",\"messagingSenderId\":\"129831398418\",\"projectId\":\"levadura-7427a\",\"storageBucket\":\"levadura-7427a.firebasestorage.app\"}","availability":["BUILD"]},{"variable":"NG_TRUST_PROXY_HEADERS","value":"X-Forwarded-Host","availability":["RUNTIME"]},{"variable":"NG_ALLOWED_HOSTS","value":"app-129831398418.us-central1.run.app,app-47bogxhktq-uc.a.run.app,t-3877127777---app-47bogxhktq-uc.a.run.app,app--levadura-7427a.us-central1.hosted.app","availability":["RUNTIME"]}],"effectiveEnv":[{"variable":"FIREBASE_CONFIG","value":"{\"databaseURL\":\"\",\"projectId\":\"levadura-7427a\",\"storageBucket\":\"levadura-7427a.firebasestorage.app\"}","availability":["BUILD","RUNTIME"],"origin":"FIREBASE_SYSTEM"},{"variable":"FIREBASE_WEBAPP_CONFIG","value":"{\"apiKey\":\"AIzaSyC-E2SPHf1EmcxkbmAWgE5_8jBYHWoHR_U\",\"appId\":\"1:129831398418:web:64934e48a5601dff92fccb\",\"authDomain\":\"levadura-7427a.firebaseapp.com\",\"databaseURL\":\"\",\"messagingSenderId\":\"129831398418\",\"projectId\":\"levadura-7427a\",\"storageBucket\":\"levadura-7427a.firebasestorage.app\"}","availability":["BUILD"],"origin":"FIREBASE_SYSTEM"},{"variable":"NG_TRUST_PROXY_HEADERS","value":"X-Forwarded-Host","availability":["RUNTIME"],"origin":"FIREBASE_SYSTEM"},{"variable":"NG_ALLOWED_HOSTS","value":"app-129831398418.us-central1.run.app,app-47bogxhktq-uc.a.run.app,t-3877127777---app-47bogxhktq-uc.a.run.app,app--levadura-7427a.us-central1.hosted.app","availability":["RUNTIME"],"origin":"FIREBASE_SYSTEM"}]},"source":{"archive":{"rootDirectory":"/","userStorageUri":"gs://firebaseapphosting-sources-129831398418-us-central1/app--14652-A6yUas1y9csC-.zip"}},"buildLogsUri":"https://console.cloud.google.com/cloud-build/builds;region=us-central1/bd54ddf3-2c33-41ee-a353-97857ff4c424?project=129831398418","createTime":"2026-09-01T18:53:45.544949673Z","updateTime":"2026-09-01T18:55:57.141570Z","labels":{"deployment-tool":"cli-firebase"},"uid":"c0b6819d-2ba0-4cfc-8a98-26d378ffb5a9","etag":"dJA8ZTV-FxXOlnsaViK_2rNmnW_yoKThl7ashuzkXeA","reconciling":false},{"name":"projects/levadura-7427a/locations/us-central1/backends/app/builds/build-2026-09-01-001","state":"READY","image":"us-central1-docker.pkg.dev/levadura-7427a/firebaseapphosting-images/app:build-2026-09-01-001","config":{"runConfig":{},"env":[{"variable":"FIREBASE_CONFIG","value":"{\"databaseURL\":\"\",\"projectId\":\"levadura-7427a\",\"storageBucket\":\"levadura-7427a.firebasestorage.app\"}","availability":["BUILD","RUNTIME"]},{"variable":"FIREBASE_WEBAPP_CONFIG","value":"{\"apiKey\":\"AIzaSyC-E2SPHf1EmcxkbmAWgE5_8jBYHWoHR_U\",\"appId\":\"1:129831398418:web:64934e48a5601dff92fccb\",\"authDomain\":\"levadura-7427a.firebaseapp.com\",\"databaseURL\":\"\",\"messagingSenderId\":\"129831398418\",\"projectId\":\"levadura-7427a\",\"storageBucket\":\"levadura-7427a.firebasestorage.app\"}","availability":["BUILD"]},{"variable":"NG_TRUST_PROXY_HEADERS","value":"X-Forwarded-Host","availability":["RUNTIME"]},{"variable":"NG_ALLOWED_HOSTS","value":"app-129831398418.us-central1.run.app,app-47bogxhktq-uc.a.run.app,t-3877127780---app-47bogxhktq-uc.a.run.app,app--levadura-7427a.us-central1.hosted.app","availability":["RUNTIME"]}],"effectiveEnv":[{"variable":"FIREBASE_CONFIG","value":"{\"databaseURL\":\"\",\"projectId\":\"levadura-7427a\",\"storageBucket\":\"levadura-7427a.firebasestorage.app\"}","availability":["BUILD","RUNTIME"],"origin":"FIREBASE_SYSTEM"},{"variable":"FIREBASE_WEBAPP_CONFIG","value":"{\"apiKey\":\"AIzaSyC-E2SPHf1EmcxkbmAWgE5_8jBYHWoHR_U\",\"appId\":\"1:129831398418:web:64934e48a5601dff92fccb\",\"authDomain\":\"levadura-7427a.firebaseapp.com\",\"databaseURL\":\"\",\"messagingSenderId\":\"129831398418\",\"projectId\":\"levadura-7427a\",\"storageBucket\":\"levadura-7427a.firebasestorage.app\"}","availability":["BUILD"],"origin":"FIREBASE_SYSTEM"},{"variable":"NG_TRUST_PROXY_HEADERS","value":"X-Forwarded-Host","availability":["RUNTIME"],"origin":"FIREBASE_SYSTEM"},{"variable":"NG_ALLOWED_HOSTS","value":"app-129831398418.us-central1.run.app,app-47bogxhktq-uc.a.run.app,t-3877127780---app-47bogxhktq-uc.a.run.app,app--levadura-7427a.us-central1.hosted.app","availability":["RUNTIME"],"origin":"FIREBASE_SYSTEM"}]},"source":{"archive":{"rootDirectory":"/","userStorageUri":"gs://firebaseapphosting-sources-129831398418-us-central1/app--25812-8vKijbNZzXOe-.zip"}},"buildLogsUri":"https://console.cloud.google.com/cloud-build/builds;region=us-central1/56435762-919f-43d4-9e11-d311ce59ce53?project=129831398418","createTime":"2026-09-01T15:10:37.892254770Z","updateTime":"2026-09-01T15:13:19.794523Z","labels":{"deployment-tool":"cli-firebase"},"uid":"32ff30fc-bc7a-4668-89fb-84da21e3de5b","etag":"W51Zo9Eso-zR-ZDZjMBcbd-bPSXdNA2lK8GcjdZaV58","reconciling":false},{"name":"projects/levadura-7427a/locations/us-central1/backends/app/builds/build-2026-09-01-003","state":"READY","image":"us-central1-docker.pkg.dev/levadura-7427a/firebaseapphosting-images/app:build-2026-09-01-003","config":{"runConfig":{},"env":[{"variable":"FIREBASE_CONFIG","value":"{\"databaseURL\":\"\",\"projectId\":\"levadura-7427a\",\"storageBucket\":\"levadura-7427a.firebasestorage.app\"}","availability":["BUILD","RUNTIME"]},{"variable":"FIREBASE_WEBAPP_CONFIG","value":"{\"apiKey\":\"AIzaSyC-E2SPHf1EmcxkbmAWgE5_8jBYHWoHR_U\",\"appId\":\"1:129831398418:web:64934e48a5601dff92fccb\",\"authDomain\":\"levadura-7427a.firebaseapp.com\",\"databaseURL\":\"\",\"messagingSenderId\":\"129831398418\",\"projectId\":\"levadura-7427a\",\"storageBucket\":\"levadura-7427a.firebasestorage.app\"}","availability":["BUILD"]},{"variable":"NG_TRUST_PROXY_HEADERS","value":"X-Forwarded-Host","availability":["RUNTIME"]},{"variable":"NG_ALLOWED_HOSTS","value":"app-129831398418.us-central1.run.app,app-47bogxhktq-uc.a.run.app,t-3877127782---app-47bogxhktq-uc.a.run.app,app--levadura-7427a.us-central1.hosted.app","availability":["RUNTIME"]}],"effectiveEnv":[{"variable":"FIREBASE_CONFIG","value":"{\"databaseURL\":\"\",\"projectId\":\"levadura-7427a\",\"storageBucket\":\"levadura-7427a.firebasestorage.app\"}","availability":["BUILD","RUNTIME"],"origin":"FIREBASE_SYSTEM"},{"variable":"FIREBASE_WEBAPP_CONFIG","value":"{\"apiKey\":\"AIzaSyC-E2SPHf1EmcxkbmAWgE5_8jBYHWoHR_U\",\"appId\":\"1:129831398418:web:64934e48a5601dff92fccb\",\"authDomain\":\"levadura-7427a.firebaseapp.com\",\"databaseURL\":\"\",\"messagingSenderId\":\"129831398418\",\"projectId\":\"levadura-7427a\",\"storageBucket\":\"levadura-7427a.firebasestorage.app\"}","availability":["BUILD"],"origin":"FIREBASE_SYSTEM"},{"variable":"NG_TRUST_PROXY_HEADERS","value":"X-Forwarded-Host","availability":["RUNTIME"],"origin":"FIREBASE_SYSTEM"},{"variable":"NG_ALLOWED_HOSTS","value":"app-129831398418.us-central1.run.app,app-47bogxhktq-uc.a.run.app,t-3877127782---app-47bogxhktq-uc.a.run.app,app--levadura-7427a.us-central1.hosted.app","availability":["RUNTIME"],"origin":"FIREBASE_SYSTEM"}]},"source":{"archive":{"rootDirectory":"/","userStorageUri":"gs://firebaseapphosting-sources-129831398418-us-central1/app--28352-jTFm43m4aJrw-.zip"}},"buildLogsUri":"https://console.cloud.google.com/cloud-build/builds;region=us-central1/8e38767a-4b17-4fb4-a5b6-3210d1c05f66?project=129831398418","createTime":"2026-09-01T18:11:06.090712753Z","updateTime":"2026-09-01T18:13:48.198702Z","labels":{"deployment-tool":"cli-firebase"},"uid":"32e5ddd8-d3e6-4457-980b-834045c2e672","etag":"RwFT9dznUP2Cvg30UQ_SvUN5BhLW_FRfn54F3PG2Dd4","reconciling":false},{"name":"projects/levadura-7427a/locations/us-central1/backends/app/builds/build-2026-09-01-002","state":"READY","image":"us-central1-docker.pkg.dev/levadura-7427a/firebaseapphosting-images/app:build-2026-09-01-002","config":{"runConfig":{},"env":[{"variable":"FIREBASE_CONFIG","value":"{\"databaseURL\":\"\",\"projectId\":\"levadura-7427a\",\"storageBucket\":\"levadura-7427a.firebasestorage.app\"}","availability":["BUILD","RUNTIME"]},{"variable":"FIREBASE_WEBAPP_CONFIG","value":"{\"apiKey\":\"AIzaSyC-E2SPHf1EmcxkbmAWgE5_8jBYHWoHR_U\",\"appId\":\"1:129831398418:web:64934e48a5601dff92fccb\",\"authDomain\":\"levadura-7427a.firebaseapp.com\",\"databaseURL\":\"\",\"messagingSenderId\":\"129831398418\",\"projectId\":\"levadura-7427a\",\"storageBucket\":\"levadura-7427a.firebasestorage.app\"}","availability":["BUILD"]},{"variable":"NG_TRUST_PROXY_HEADERS","value":"X-Forwarded-Host","availability":["RUNTIME"]},{"variable":"NG_ALLOWED_HOSTS","value":"app-129831398418.us-central1.run.app,app-47bogxhktq-uc.a.run.app,t-3877127783---app-47bogxhktq-uc.a.run.app,app--levadura-7427a.us-central1.hosted.app","availability":["RUNTIME"]}],"effectiveEnv":[{"variable":"FIREBASE_CONFIG","value":"{\"databaseURL\":\"\",\"projectId\":\"levadura-7427a\",\"storageBucket\":\"levadura-7427a.firebasestorage.app\"}","availability":["BUILD","RUNTIME"],"origin":"FIREBASE_SYSTEM"},{"variable":"FIREBASE_WEBAPP_CONFIG","value":"{\"apiKey\":\"AIzaSyC-E2SPHf1EmcxkbmAWgE5_8jBYHWoHR_U\",\"appId\":\"1:129831398418:web:64934e48a5601dff92fccb\",\"authDomain\":\"levadura-7427a.firebaseapp.com\",\"databaseURL\":\"\",\"messagingSenderId\":\"129831398418\",\"projectId\":\"levadura-7427a\",\"storageBucket\":\"levadura-7427a.firebasestorage.app\"}","availability":["BUILD"],"origin":"FIREBASE_SYSTEM"},{"variable":"NG_TRUST_PROXY_HEADERS","value":"X-Forwarded-Host","availability":["RUNTIME"],"origin":"FIREBASE_SYSTEM"},{"variable":"NG_ALLOWED_HOSTS","value":"app-129831398418.us-central1.run.app,app-47bogxhktq-uc.a.run.app,t-3877127783---app-47bogxhktq-uc.a.run.app,app--levadura-7427a.us-central1.hosted.app","availability":["RUNTIME"],"origin":"FIREBASE_SYSTEM"}]},"source":{"archive":{"rootDirectory":"/","userStorageUri":"gs://firebaseapphosting-sources-129831398418-us-central1/app--14940-T1wnzR3H7pYX-.zip"}},"buildLogsUri":"https://console.cloud.google.com/cloud-build/builds;region=us-central1/b77aa364-f437-41a1-ba72-b8d81488eb81?project=129831398418","createTime":"2026-09-01T18:06:50.450411296Z","updateTime":"2026-09-01T18:10:23.119285Z","labels":{"deployment-tool":"cli-firebase"},"uid":"c5b04a14-9d73-4876-8c64-e61f029d429f","etag":"hYKXAOdB1ZGZMAYFPaAgCG_iZCjJWn0eEQoxUMR7oS0","reconciling":false},{"name":"projects/levadura-7427a/locations/us-central1/backends/app/builds/build-2026-09-16-001","state":"READY","image":"us-central1-docker.pkg.dev/levadura-7427a/firebaseapphosting-images/app:build-2026-09-16-001","config":{"runConfig":{},"env":[{"variable":"FIREBASE_CONFIG","value":"{\"databaseURL\":\"\",\"projectId\":\"levadura-7427a\",\"storageBucket\":\"levadura-7427a.firebasestorage.app\"}","availability":["BUILD","RUNTIME"]},{"variable":"FIREBASE_WEBAPP_CONFIG","value":"{\"apiKey\":\"AIzaSyC-E2SPHf1EmcxkbmAWgE5_8jBYHWoHR_U\",\"appId\":\"1:129831398418:web:64934e48a5601dff92fccb\",\"authDomain\":\"levadura-7427a.firebaseapp.com\",\"databaseURL\":\"\",\"messagingSenderId\":\"129831398418\",\"projectId\":\"levadura-7427a\",\"storageBucket\":\"levadura-7427a.firebasestorage.app\"}","availability":["BUILD"]},{"variable":"NG_TRUST_PROXY_HEADERS","value":"X-Forwarded-Host","availability":["RUNTIME"]},{"variable":"NG_ALLOWED_HOSTS","value":"app-129831398418.us-central1.run.app,app-47bogxhktq-uc.a.run.app,t-2544189432---app-47bogxhktq-uc.a.run.app,app--levadura-7427a.us-central1.hosted.app","availability":["RUNTIME"]}],"effectiveEnv":[{"variable":"FIREBASE_CONFIG","value":"{\"databaseURL\":\"\",\"projectId\":\"levadura-7427a\",\"storageBucket\":\"levadura-7427a.firebasestorage.app\"}","availability":["BUILD","RUNTIME"],"origin":"FIREBASE_SYSTEM"},{"variable":"FIREBASE_WEBAPP_CONFIG","value":"{\"apiKey\":\"AIzaSyC-E2SPHf1EmcxkbmAWgE5_8jBYHWoHR_U\",\"appId\":\"1:129831398418:web:64934e48a5601dff92fccb\",\"authDomain\":\"levadura-7427a.firebaseapp.com\",\"databaseURL\":\"\",\"messagingSenderId\":\"129831398418\",\"projectId\":\"levadura-7427a\",\"storageBucket\":\"levadura-7427a.firebasestorage.app\"}","availability":["BUILD"],"origin":"FIREBASE_SYSTEM"},{"variable":"NG_TRUST_PROXY_HEADERS","value":"X-Forwarded-Host","availability":["RUNTIME"],"origin":"FIREBASE_SYSTEM"},{"variable":"NG_ALLOWED_HOSTS","value":"app-129831398418.us-central1.run.app,app-47bogxhktq-uc.a.run.app,t-2544189432---app-47bogxhktq-uc.a.run.app,app--levadura-7427a.us-central1.hosted.app","availability":["RUNTIME"],"origin":"FIREBASE_SYSTEM"}]},"source":{"archive":{"rootDirectory":"/","userStorageUri":"gs://firebaseapphosting-sources-129831398418-us-central1/app--13488-txiau4EmYNXN-.zip"}},"buildLogsUri":"https://console.cloud.google.com/cloud-build/builds;region=us-central1/9c6febe7-ed73-4880-8dfa-14d0e1a8c1fa?project=129831398418","createTime":"2026-09-16T01:58:59.003252588Z","updateTime":"2026-09-16T02:01:10.437306Z","labels":{"deployment-tool":"cli-firebase"},"uid":"ca9ed5ae-bfc1-46e6-920a-4318a6b2ef59","etag":"PVnNzeC0W_5h_ph6KIQu0BMBKI4y5dTiM_v-nThPcl8","reconciling":false},{"name":"projects/levadura-7427a/locations/us-central1/backends/app/builds/build-2026-08-24-001","state":"READY","image":"us-central1-docker.pkg.dev/levadura-7427a/firebaseapphosting-images/app:build-2026-08-24-001","config":{"runConfig":{},"env":[{"variable":"FIREBASE_CONFIG","value":"{\"databaseURL\":\"\",\"projectId\":\"levadura-7427a\",\"storageBucket\":\"levadura-7427a.firebasestorage.app\"}","availability":["BUILD","RUNTIME"]},{"variable":"FIREBASE_WEBAPP_CONFIG","value":"{\"apiKey\":\"AIzaSyC-E2SPHf1EmcxkbmAWgE5_8jBYHWoHR_U\",\"appId\":\"1:129831398418:web:64934e48a5601dff92fccb\",\"authDomain\":\"levadura-7427a.firebaseapp.com\",\"databaseURL\":\"\",\"messagingSenderId\":\"129831398418\",\"projectId\":\"levadura-7427a\",\"storageBucket\":\"levadura-7427a.firebasestorage.app\"}","availability":["BUILD"]},{"variable":"NG_TRUST_PROXY_HEADERS","value":"X-Forwarded-Host","availability":["RUNTIME"]},{"variable":"NG_ALLOWED_HOSTS","value":"app-129831398418.us-central1.run.app,app-47bogxhktq-uc.a.run.app,t-1354597744---app-47bogxhktq-uc.a.run.app,app--levadura-7427a.us-central1.hosted.app","availability":["RUNTIME"]}],"effectiveEnv":[{"variable":"FIREBASE_CONFIG","value":"{\"databaseURL\":\"\",\"projectId\":\"levadura-7427a\",\"storageBucket\":\"levadura-7427a.firebasestorage.app\"}","availability":["BUILD","RUNTIME"],"origin":"FIREBASE_SYSTEM"},{"variable":"FIREBASE_WEBAPP_CONFIG","value":"{\"apiKey\":\"AIzaSyC-E2SPHf1EmcxkbmAWgE5_8jBYHWoHR_U\",\"appId\":\"1:129831398418:web:64934e48a5601dff92fccb\",\"authDomain\":\"levadura-7427a.firebaseapp.com\",\"databaseURL\":\"\",\"messagingSenderId\":\"129831398418\",\"projectId\":\"levadura-7427a\",\"storageBucket\":\"levadura-7427a.firebasestorage.app\"}","availability":["BUILD"],"origin":"FIREBASE_SYSTEM"},{"variable":"NG_TRUST_PROXY_HEADERS","value":"X-Forwarded-Host","availability":["RUNTIME"],"origin":"FIREBASE_SYSTEM"},{"variable":"NG_ALLOWED_HOSTS","value":"app-129831398418.us-central1.run.app,app-47bogxhktq-uc.a.run.app,t-1354597744---app-47bogxhktq-uc.a.run.app,app--levadura-7427a.us-central1.hosted.app","availability":["RUNTIME"],"origin":"FIREBASE_SYSTEM"}]},"source":{"archive":{"rootDirectory":"/","userStorageUri":"gs://firebaseapphosting-sources-129831398418-us-central1/app--64560-GN66tsujOH6R-.zip"}},"buildLogsUri":"https://console.cloud.google.com/cloud-build/builds;region=us-central1/5d55d0cf-f32f-4a61-b989-a51b53b3ad00?project=129831398418","createTime":"2026-08-24T22:20:00.654978790Z","updateTime":"2026-08-24T22:22:42.521237Z","labels":{"deployment-tool":"cli-firebase"},"uid":"ca90ba50-4a41-498f-bdfa-f3cb77475279","etag":"5gf5EjqC_L4k8Ajwlxne_DzmJCrQJr2CzH0KW_20Tq0","reconciling":false},{"name":"projects/levadura-7427a/locations/us-central1/backends/app/builds/build-2026-08-24-003","state":"READY","image":"us-central1-docker.pkg.dev/levadura-7427a/firebaseapphosting-images/app:build-2026-08-24-003","config":{"runConfig":{},"env":[{"variable":"FIREBASE_CONFIG","value":"{\"databaseURL\":\"\",\"projectId\":\"levadura-7427a\",\"storageBucket\":\"levadura-7427a.firebasestorage.app\"}","availability":["BUILD","RUNTIME"]},{"variable":"FIREBASE_WEBAPP_CONFIG","value":"{\"apiKey\":\"AIzaSyC-E2SPHf1EmcxkbmAWgE5_8jBYHWoHR_U\",\"appId\":\"1:129831398418:web:64934e48a5601dff92fccb\",\"authDomain\":\"levadura-7427a.firebaseapp.com\",\"databaseURL\":\"\",\"messagingSenderId\":\"129831398418\",\"projectId\":\"levadura-7427a\",\"storageBucket\":\"levadura-7427a.firebasestorage.app\"}","availability":["BUILD"]},{"variable":"NG_TRUST_PROXY_HEADERS","value":"X-Forwarded-Host","availability":["RUNTIME"]},{"variable":"NG_ALLOWED_HOSTS","value":"app-129831398418.us-central1.run.app,app-47bogxhktq-uc.a.run.app,t-1354597746---app-47bogxhktq-uc.a.run.app,app--levadura-7427a.us-central1.hosted.app","availability":["RUNTIME"]}],"effectiveEnv":[{"variable":"FIREBASE_CONFIG","value":"{\"databaseURL\":\"\",\"projectId\":\"levadura-7427a\",\"storageBucket\":\"levadura-7427a.firebasestorage.app\"}","availability":["BUILD","RUNTIME"],"origin":"FIREBASE_SYSTEM"},{"variable":"FIREBASE_WEBAPP_CONFIG","value":"{\"apiKey\":\"AIzaSyC-E2SPHf1EmcxkbmAWgE5_8jBYHWoHR_U\",\"appId\":\"1:129831398418:web:64934e48a5601dff92fccb\",\"authDomain\":\"levadura-7427a.firebaseapp.com\",\"databaseURL\":\"\",\"messagingSenderId\":\"129831398418\",\"projectId\":\"levadura-7427a\",\"storageBucket\":\"levadura-7427a.firebasestorage.app\"}","availability":["BUILD"],"origin":"FIREBASE_SYSTEM"},{"variable":"NG_TRUST_PROXY_HEADERS","value":"X-Forwarded-Host","availability":["RUNTIME"],"origin":"FIREBASE_SYSTEM"},{"variable":"NG_ALLOWED_HOSTS","value":"app-129831398418.us-central1.run.app,app-47bogxhktq-uc.a.run.app,t-1354597746---app-47bogxhktq-uc.a.run.app,app--levadura-7427a.us-central1.hosted.app","availability":["RUNTIME"],"origin":"FIREBASE_SYSTEM"}]},"source":{"archive":{"rootDirectory":"/","userStorageUri":"gs://firebaseapphosting-sources-129831398418-us-central1/app--49324-zj1ZVi3iOGxT-.zip"}},"buildLogsUri":"https://console.cloud.google.com/cloud-build/builds;region=us-central1/00e20674-72f3-4ae4-a5ed-096862c448d6?project=129831398418","createTime":"2026-08-24T23:17:51.757534115Z","updateTime":"2026-08-24T23:20:23.565601Z","labels":{"deployment-tool":"cli-firebase"},"uid":"bfff84e0-b9c5-4e25-9815-2023ff88089a","etag":"R4lvlJgH957GHcI2l_BVqolSuHF6w4v2DqweeEtNF5w","reconciling":false},{"name":"projects/levadura-7427a/locations/us-central1/backends/app/builds/build-2026-08-24-002","state":"READY","image":"us-central1-docker.pkg.dev/levadura-7427a/firebaseapphosting-images/app:build-2026-08-24-002","config":{"runConfig":{},"env":[{"variable":"FIREBASE_CONFIG","value":"{\"databaseURL\":\"\",\"projectId\":\"levadura-7427a\",\"storageBucket\":\"levadura-7427a.firebasestorage.app\"}","availability":["BUILD","RUNTIME"]},{"variable":"FIREBASE_WEBAPP_CONFIG","value":"{\"apiKey\":\"AIzaSyC-E2SPHf1EmcxkbmAWgE5_8jBYHWoHR_U\",\"appId\":\"1:129831398418:web:64934e48a5601dff92fccb\",\"authDomain\":\"levadura-7427a.firebaseapp.com\",\"databaseURL\":\"\",\"messagingSenderId\":\"129831398418\",\"projectId\":\"levadura-7427a\",\"storageBucket\":\"levadura-7427a.firebasestorage.app\"}","availability":["BUILD"]},{"variable":"NG_TRUST_PROXY_HEADERS","value":"X-Forwarded-Host","availability":["RUNTIME"]},{"variable":"NG_ALLOWED_HOSTS","value":"app-129831398418.us-central1.run.app,app-47bogxhktq-uc.a.run.app,t-1354597747---app-47bogxhktq-uc.a.run.app,app--levadura-7427a.us-central1.hosted.app","availability":["RUNTIME"]}],"effectiveEnv":[{"variable":"FIREBASE_CONFIG","value":"{\"databaseURL\":\"\",\"projectId\":\"levadura-7427a\",\"storageBucket\":\"levadura-7427a.firebasestorage.app\"}","availability":["BUILD","RUNTIME"],"origin":"FIREBASE_SYSTEM"},{"variable":"FIREBASE_WEBAPP_CONFIG","value":"{\"apiKey\":\"AIzaSyC-E2SPHf1EmcxkbmAWgE5_8jBYHWoHR_U\",\"appId\":\"1:129831398418:web:64934e48a5601dff92fccb\",\"authDomain\":\"levadura-7427a.firebaseapp.com\",\"databaseURL\":\"\",\"messagingSenderId\":\"129831398418\",\"projectId\":\"levadura-7427a\",\"storageBucket\":\"levadura-7427a.firebasestorage.app\"}","availability":["BUILD"],"origin":"FIREBASE_SYSTEM"},{"variable":"NG_TRUST_PROXY_HEADERS","value":"X-Forwarded-Host","availability":["RUNTIME"],"origin":"FIREBASE_SYSTEM"},{"variable":"NG_ALLOWED_HOSTS","value":"app-129831398418.us-central1.run.app,app-47bogxhktq-uc.a.run.app,t-1354597747---app-47bogxhktq-uc.a.run.app,app--levadura-7427a.us-central1.hosted.app","availability":["RUNTIME"],"origin":"FIREBASE_SYSTEM"}]},"source":{"archive":{"rootDirectory":"/","userStorageUri":"gs://firebaseapphosting-sources-129831398418-us-central1/app--712-Fc5gaG8vO2Xr-.zip"}},"buildLogsUri":"https://console.cloud.google.com/cloud-build/builds;region=us-central1/36f6c182-9695-4506-97e2-0f78e771a0aa?project=129831398418","createTime":"2026-08-24T23:01:28.713778498Z","updateTime":"2026-08-24T23:03:40.235711Z","labels":{"deployment-tool":"cli-firebase"},"uid":"5df01297-0ebe-4730-83ff-56390e572255","etag":"9caTrWor2Ak1h99ZvoDbFZJunqXBCQycBt661NEs2QQ","reconciling":false},{"name":"projects/levadura-7427a/locations/us-central1/backends/app/builds/build-2026-08-21-001","state":"FAILED","error":{"code":13},"config":{"runConfig":{}},"source":{"archive":{"rootDirectory":"/","userStorageUri":"gs://firebaseapphosting-sources-129831398418-us-central1/app--30748-2c2o05HLo4DQ-.zip"}},"buildLogsUri":"https://console.cloud.google.com/cloud-build/builds;region=us-central1/9cf1378c-7bd8-4750-a9ff-cc3346fa9c5c?project=129831398418","createTime":"2026-08-21T20:28:56.500391190Z","updateTime":"2026-08-21T20:30:07.355362Z","labels":{"deployment-tool":"cli-firebase"},"uid":"93598636-745f-44f5-a0ac-9301f2ef6f8a","etag":"ZHKBeudbaB_BClD1IPEv5_hnbugWzrInMrgCfO3jo2U","reconciling":false,"errorSource":"CLOUD_BUILD","errors":[{"error":{"code":13},"errorSource":"CLOUD_BUILD","cloudResource":"https://cloud.google.com/build"}]},{"name":"projects/levadura-7427a/locations/us-central1/backends/app/builds/build-2026-08-21-002","state":"READY","image":"us-central1-docker.pkg.dev/levadura-7427a/firebaseapphosting-images/app:build-2026-08-21-002","config":{"runConfig":{},"env":[{"variable":"FIREBASE_CONFIG","value":"{\"databaseURL\":\"\",\"projectId\":\"levadura-7427a\",\"storageBucket\":\"levadura-7427a.firebasestorage.app\"}","availability":["BUILD","RUNTIME"]},{"variable":"FIREBASE_WEBAPP_CONFIG","value":"{\"apiKey\":\"AIzaSyC-E2SPHf1EmcxkbmAWgE5_8jBYHWoHR_U\",\"appId\":\"1:129831398418:web:64934e48a5601dff92fccb\",\"authDomain\":\"levadura-7427a.firebaseapp.com\",\"databaseURL\":\"\",\"messagingSenderId\":\"129831398418\",\"projectId\":\"levadura-7427a\",\"storageBucket\":\"levadura-7427a.firebasestorage.app\"}","availability":["BUILD"]},{"variable":"NG_TRUST_PROXY_HEADERS","value":"X-Forwarded-Host","availability":["RUNTIME"]},{"variable":"NG_ALLOWED_HOSTS","value":"app-129831398418.us-central1.run.app,app--levadura-7427a.us-central1.hosted.app","availability":["RUNTIME"]}],"effectiveEnv":[{"variable":"FIREBASE_CONFIG","value":"{\"databaseURL\":\"\",\"projectId\":\"levadura-7427a\",\"storageBucket\":\"levadura-7427a.firebasestorage.app\"}","availability":["BUILD","RUNTIME"],"origin":"FIREBASE_SYSTEM"},{"variable":"FIREBASE_WEBAPP_CONFIG","value":"{\"apiKey\":\"AIzaSyC-E2SPHf1EmcxkbmAWgE5_8jBYHWoHR_U\",\"appId\":\"1:129831398418:web:64934e48a5601dff92fccb\",\"authDomain\":\"levadura-7427a.firebaseapp.com\",\"databaseURL\":\"\",\"messagingSenderId\":\"129831398418\",\"projectId\":\"levadura-7427a\",\"storageBucket\":\"levadura-7427a.firebasestorage.app\"}","availability":["BUILD"],"origin":"FIREBASE_SYSTEM"},{"variable":"NG_TRUST_PROXY_HEADERS","value":"X-Forwarded-Host","availability":["RUNTIME"],"origin":"FIREBASE_SYSTEM"},{"variable":"NG_ALLOWED_HOSTS","value":"app-129831398418.us-central1.run.app,app--levadura-7427a.us-central1.hosted.app","availability":["RUNTIME"],"origin":"FIREBASE_SYSTEM"}]},"source":{"archive":{"rootDirectory":"/","userStorageUri":"gs://firebaseapphosting-sources-129831398418-us-central1/app--10012-kY2LsYc7a6kn-.zip"}},"buildLogsUri":"https://console.cloud.google.com/cloud-build/builds;region=us-central1/aac18e4b-b3f8-4333-b649-9db719990a77?project=129831398418","createTime":"2026-08-21T20:32:16.867814628Z","updateTime":"2026-08-21T20:34:38.749074Z","labels":{"deployment-tool":"cli-firebase"},"uid":"cc7ffee5-cc26-4138-b9dd-167dbcbeaf54","etag":"0pISA8gDEXQL-pMnhOOvn2Hc5hb2kEFemtmkJZPYGFQ","reconciling":false},{"name":"projects/levadura-7427a/locations/us-central1/backends/app/builds/build-2026-09-14-001","state":"READY","image":"us-central1-docker.pkg.dev/levadura-7427a/firebaseapphosting-images/app:build-2026-09-14-001","config":{"runConfig":{},"env":[{"variable":"FIREBASE_CONFIG","value":"{\"databaseURL\":\"\",\"projectId\":\"levadura-7427a\",\"storageBucket\":\"levadura-7427a.firebasestorage.app\"}","availability":["BUILD","RUNTIME"]},{"variable":"FIREBASE_WEBAPP_CONFIG","value":"{\"apiKey\":\"AIzaSyC-E2SPHf1EmcxkbmAWgE5_8jBYHWoHR_U\",\"appId\":\"1:129831398418:web:64934e48a5601dff92fccb\",\"authDomain\":\"levadura-7427a.firebaseapp.com\",\"databaseURL\":\"\",\"messagingSenderId\":\"129831398418\",\"projectId\":\"levadura-7427a\",\"storageBucket\":\"levadura-7427a.firebasestorage.app\"}","availability":["BUILD"]},{"variable":"NG_TRUST_PROXY_HEADERS","value":"X-Forwarded-Host","availability":["RUNTIME"]},{"variable":"NG_ALLOWED_HOSTS","value":"app-129831398418.us-central1.run.app,app-47bogxhktq-uc.a.run.app,t-3570725422---app-47bogxhktq-uc.a.run.app,app--levadura-7427a.us-central1.hosted.app","availability":["RUNTIME"]}],"effectiveEnv":[{"variable":"FIREBASE_CONFIG","value":"{\"databaseURL\":\"\",\"projectId\":\"levadura-7427a\",\"storageBucket\":\"levadura-7427a.firebasestorage.app\"}","availability":["BUILD","RUNTIME"],"origin":"FIREBASE_SYSTEM"},{"variable":"FIREBASE_WEBAPP_CONFIG","value":"{\"apiKey\":\"AIzaSyC-E2SPHf1EmcxkbmAWgE5_8jBYHWoHR_U\",\"appId\":\"1:129831398418:web:64934e48a5601dff92fccb\",\"authDomain\":\"levadura-7427a.firebaseapp.com\",\"databaseURL\":\"\",\"messagingSenderId\":\"129831398418\",\"projectId\":\"levadura-7427a\",\"storageBucket\":\"levadura-7427a.firebasestorage.app\"}","availability":["BUILD"],"origin":"FIREBASE_SYSTEM"},{"variable":"NG_TRUST_PROXY_HEADERS","value":"X-Forwarded-Host","availability":["RUNTIME"],"origin":"FIREBASE_SYSTEM"},{"variable":"NG_ALLOWED_HOSTS","value":"app-129831398418.us-central1.run.app,app-47bogxhktq-uc.a.run.app,t-3570725422---app-47bogxhktq-uc.a.run.app,app--levadura-7427a.us-central1.hosted.app","availability":["RUNTIME"],"origin":"FIREBASE_SYSTEM"}]},"source":{"archive":{"rootDirectory":"/","userStorageUri":"gs://firebaseapphosting-sources-129831398418-us-central1/app--31668-y7Zx12a5Lgd2-.zip"}},"buildLogsUri":"https://console.cloud.google.com/cloud-build/builds;region=us-central1/3a1b4560-7e85-494c-acdf-ddf9e7c8e8a1?project=129831398418","createTime":"2026-09-14T15:45:20.007880611Z","updateTime":"2026-09-14T15:48:01.855275Z","labels":{"deployment-tool":"cli-firebase"},"uid":"c4672fde-6696-45e8-82f5-ab950d9e8570","etag":"bD7YE8h8Eo4w9CGJ9TQK-5BI5p23AnrzDY8wg7fF8Cg","reconciling":false},{"name":"projects/levadura-7427a/locations/us-central1/backends/app/builds/build-2026-09-17-001","state":"READY","image":"us-central1-docker.pkg.dev/levadura-7427a/firebaseapphosting-images/app:build-2026-09-17-001","config":{"runConfig":{},"env":[{"variable":"FIREBASE_CONFIG","value":"{\"databaseURL\":\"\",\"projectId\":\"levadura-7427a\",\"storageBucket\":\"levadura-7427a.firebasestorage.app\"}","availability":["BUILD","RUNTIME"]},{"variable":"FIREBASE_WEBAPP_CONFIG","value":"{\"apiKey\":\"AIzaSyC-E2SPHf1EmcxkbmAWgE5_8jBYHWoHR_U\",\"appId\":\"1:129831398418:web:64934e48a5601dff92fccb\",\"authDomain\":\"levadura-7427a.firebaseapp.com\",\"databaseURL\":\"\",\"messagingSenderId\":\"129831398418\",\"projectId\":\"levadura-7427a\",\"storageBucket\":\"levadura-7427a.firebasestorage.app\"}","availability":["BUILD"]},{"variable":"NG_TRUST_PROXY_HEADERS","value":"X-Forwarded-Host","availability":["RUNTIME"]},{"variable":"NG_ALLOWED_HOSTS","value":"app-129831398418.us-central1.run.app,app-47bogxhktq-uc.a.run.app,t-3653217917---app-47bogxhktq-uc.a.run.app,app--levadura-7427a.us-central1.hosted.app","availability":["RUNTIME"]}],"effectiveEnv":[{"variable":"FIREBASE_CONFIG","value":"{\"databaseURL\":\"\",\"projectId\":\"levadura-7427a\",\"storageBucket\":\"levadura-7427a.firebasestorage.app\"}","availability":["BUILD","RUNTIME"],"origin":"FIREBASE_SYSTEM"},{"variable":"FIREBASE_WEBAPP_CONFIG","value":"{\"apiKey\":\"AIzaSyC-E2SPHf1EmcxkbmAWgE5_8jBYHWoHR_U\",\"appId\":\"1:129831398418:web:64934e48a5601dff92fccb\",\"authDomain\":\"levadura-7427a.firebaseapp.com\",\"databaseURL\":\"\",\"messagingSenderId\":\"129831398418\",\"projectId\":\"levadura-7427a\",\"storageBucket\":\"levadura-7427a.firebasestorage.app\"}","availability":["BUILD"],"origin":"FIREBASE_SYSTEM"},{"variable":"NG_TRUST_PROXY_HEADERS","value":"X-Forwarded-Host","availability":["RUNTIME"],"origin":"FIREBASE_SYSTEM"},{"variable":"NG_ALLOWED_HOSTS","value":"app-129831398418.us-central1.run.app,app-47bogxhktq-uc.a.run.app,t-3653217917---app-47bogxhktq-uc.a.run.app,app--levadura-7427a.us-central1.hosted.app","availability":["RUNTIME"],"origin":"FIREBASE_SYSTEM"}]},"source":{"archive":{"rootDirectory":"/","userStorageUri":"gs://firebaseapphosting-sources-129831398418-us-central1/app--28976-BXqrLtpWSuXX-.zip"}},"buildLogsUri":"https://console.cloud.google.com/cloud-build/builds;region=us-central1/7db287b2-9cb7-4384-a2a0-370a3afba24f?project=129831398418","createTime":"2026-09-17T15:16:43.251781319Z","updateTime":"2026-09-17T15:19:04.950029Z","labels":{"deployment-tool":"cli-firebase"},"uid":"6d833039-f8c1-44fe-a53b-fbf24d252293","etag":"HL3VfBo2RFGIm4uD6wCB6DBeJp7tsfjjqkqf74HtqSY","reconciling":false},{"name":"projects/levadura-7427a/locations/us-central1/backends/app/builds/build-2026-09-11-002","state":"READY","image":"us-central1-docker.pkg.dev/levadura-7427a/firebaseapphosting-images/app:build-2026-09-11-002","config":{"runConfig":{},"env":[{"variable":"FIREBASE_CONFIG","value":"{\"databaseURL\":\"\",\"projectId\":\"levadura-7427a\",\"storageBucket\":\"levadura-7427a.firebasestorage.app\"}","availability":["BUILD","RUNTIME"]},{"variable":"FIREBASE_WEBAPP_CONFIG","value":"{\"apiKey\":\"AIzaSyC-E2SPHf1EmcxkbmAWgE5_8jBYHWoHR_U\",\"appId\":\"1:129831398418:web:64934e48a5601dff92fccb\",\"authDomain\":\"levadura-7427a.firebaseapp.com\",\"databaseURL\":\"\",\"messagingSenderId\":\"129831398418\",\"projectId\":\"levadura-7427a\",\"storageBucket\":\"levadura-7427a.firebasestorage.app\"}","availability":["BUILD"]},{"variable":"NG_TRUST_PROXY_HEADERS","value":"X-Forwarded-Host","availability":["RUNTIME"]},{"variable":"NG_ALLOWED_HOSTS","value":"app-129831398418.us-central1.run.app,app-47bogxhktq-uc.a.run.app,t-2626681796---app-47bogxhktq-uc.a.run.app,app--levadura-7427a.us-central1.hosted.app","availability":["RUNTIME"]}],"effectiveEnv":[{"variable":"FIREBASE_CONFIG","value":"{\"databaseURL\":\"\",\"projectId\":\"levadura-7427a\",\"storageBucket\":\"levadura-7427a.firebasestorage.app\"}","availability":["BUILD","RUNTIME"],"origin":"FIREBASE_SYSTEM"},{"variable":"FIREBASE_WEBAPP_CONFIG","value":"{\"apiKey\":\"AIzaSyC-E2SPHf1EmcxkbmAWgE5_8jBYHWoHR_U\",\"appId\":\"1:129831398418:web:64934e48a5601dff92fccb\",\"authDomain\":\"levadura-7427a.firebaseapp.com\",\"databaseURL\":\"\",\"messagingSenderId\":\"129831398418\",\"projectId\":\"levadura-7427a\",\"storageBucket\":\"levadura-7427a.firebasestorage.app\"}","availability":["BUILD"],"origin":"FIREBASE_SYSTEM"},{"variable":"NG_TRUST_PROXY_HEADERS","value":"X-Forwarded-Host","availability":["RUNTIME"],"origin":"FIREBASE_SYSTEM"},{"variable":"NG_ALLOWED_HOSTS","value":"app-129831398418.us-central1.run.app,app-47bogxhktq-uc.a.run.app,t-2626681796---app-47bogxhktq-uc.a.run.app,app--levadura-7427a.us-central1.hosted.app","availability":["RUNTIME"],"origin":"FIREBASE_SYSTEM"}]},"source":{"archive":{"rootDirectory":"/","userStorageUri":"gs://firebaseapphosting-sources-129831398418-us-central1/app--34576-havoElSxz7IT-.zip"}},"buildLogsUri":"https://console.cloud.google.com/cloud-build/builds;region=us-central1/d73a4fe3-103e-400d-bc2a-07427ab47ba7?project=129831398418","createTime":"2026-09-11T18:34:08.189134055Z","updateTime":"2026-09-11T18:36:29.942983Z","labels":{"deployment-tool":"cli-firebase"},"uid":"b357a35a-edbe-4597-99f7-2f820f651f95","etag":"Kke0KWIe17TscbS0ZLs7_QDjmieQGdTe6P1xN7fsNKg","reconciling":false},{"name":"projects/levadura-7427a/locations/us-central1/backends/app/builds/build-2026-09-11-003","state":"READY","image":"us-central1-docker.pkg.dev/levadura-7427a/firebaseapphosting-images/app:build-2026-09-11-003","config":{"runConfig":{},"env":[{"variable":"FIREBASE_CONFIG","value":"{\"databaseURL\":\"\",\"projectId\":\"levadura-7427a\",\"storageBucket\":\"levadura-7427a.firebasestorage.app\"}","availability":["BUILD","RUNTIME"]},{"variable":"FIREBASE_WEBAPP_CONFIG","value":"{\"apiKey\":\"AIzaSyC-E2SPHf1EmcxkbmAWgE5_8jBYHWoHR_U\",\"appId\":\"1:129831398418:web:64934e48a5601dff92fccb\",\"authDomain\":\"levadura-7427a.firebaseapp.com\",\"databaseURL\":\"\",\"messagingSenderId\":\"129831398418\",\"projectId\":\"levadura-7427a\",\"storageBucket\":\"levadura-7427a.firebasestorage.app\"}","availability":["BUILD"]},{"variable":"NG_TRUST_PROXY_HEADERS","value":"X-Forwarded-Host","availability":["RUNTIME"]},{"variable":"NG_ALLOWED_HOSTS","value":"app-129831398418.us-central1.run.app,app-47bogxhktq-uc.a.run.app,t-2626681797---app-47bogxhktq-uc.a.run.app,app--levadura-7427a.us-central1.hosted.app","availability":["RUNTIME"]}],"effectiveEnv":[{"variable":"FIREBASE_CONFIG","value":"{\"databaseURL\":\"\",\"projectId\":\"levadura-7427a\",\"storageBucket\":\"levadura-7427a.firebasestorage.app\"}","availability":["BUILD","RUNTIME"],"origin":"FIREBASE_SYSTEM"},{"variable":"FIREBASE_WEBAPP_CONFIG","value":"{\"apiKey\":\"AIzaSyC-E2SPHf1EmcxkbmAWgE5_8jBYHWoHR_U\",\"appId\":\"1:129831398418:web:64934e48a5601dff92fccb\",\"authDomain\":\"levadura-7427a.firebaseapp.com\",\"databaseURL\":\"\",\"messagingSenderId\":\"129831398418\",\"projectId\":\"levadura-7427a\",\"storageBucket\":\"levadura-7427a.firebasestorage.app\"}","availability":["BUILD"],"origin":"FIREBASE_SYSTEM"},{"variable":"NG_TRUST_PROXY_HEADERS","value":"X-Forwarded-Host","availability":["RUNTIME"],"origin":"FIREBASE_SYSTEM"},{"variable":"NG_ALLOWED_HOSTS","value":"app-129831398418.us-central1.run.app,app-47bogxhktq-uc.a.run.app,t-2626681797---app-47bogxhktq-uc.a.run.app,app--levadura-7427a.us-central1.hosted.app","availability":["RUNTIME"],"origin":"FIREBASE_SYSTEM"}]},"source":{"archive":{"rootDirectory":"/","userStorageUri":"gs://firebaseapphosting-sources-129831398418-us-central1/app--34448-69CDLD8uVuyM-.zip"}},"buildLogsUri":"https://console.cloud.google.com/cloud-build/builds;region=us-central1/e4e1ecbf-2c95-499e-b866-a841b440bbf4?project=129831398418","createTime":"2026-09-11T18:53:26.324494439Z","updateTime":"2026-09-11T18:55:48.103693Z","labels":{"deployment-tool":"cli-firebase"},"uid":"af749e62-4af0-4567-92c1-8f6a7ac07a57","etag":"Ofv0ngtAeYuzCUMBYhosHwUSO42FyXsBjlg2Cs-ltb8","reconciling":false},{"name":"projects/levadura-7427a/locations/us-central1/backends/app/builds/build-2026-09-11-001","state":"READY","image":"us-central1-docker.pkg.dev/levadura-7427a/firebaseapphosting-images/app:build-2026-09-11-001","config":{"runConfig":{},"env":[{"variable":"FIREBASE_CONFIG","value":"{\"databaseURL\":\"\",\"projectId\":\"levadura-7427a\",\"storageBucket\":\"levadura-7427a.firebasestorage.app\"}","availability":["BUILD","RUNTIME"]},{"variable":"FIREBASE_WEBAPP_CONFIG","value":"{\"apiKey\":\"AIzaSyC-E2SPHf1EmcxkbmAWgE5_8jBYHWoHR_U\",\"appId\":\"1:129831398418:web:64934e48a5601dff92fccb\",\"authDomain\":\"levadura-7427a.firebaseapp.com\",\"databaseURL\":\"\",\"messagingSenderId\":\"129831398418\",\"projectId\":\"levadura-7427a\",\"storageBucket\":\"levadura-7427a.firebasestorage.app\"}","availability":["BUILD"]},{"variable":"NG_TRUST_PROXY_HEADERS","value":"X-Forwarded-Host","availability":["RUNTIME"]},{"variable":"NG_ALLOWED_HOSTS","value":"app-129831398418.us-central1.run.app,app-47bogxhktq-uc.a.run.app,t-2626681799---app-47bogxhktq-uc.a.run.app,app--levadura-7427a.us-central1.hosted.app","availability":["RUNTIME"]}],"effectiveEnv":[{"variable":"FIREBASE_CONFIG","value":"{\"databaseURL\":\"\",\"projectId\":\"levadura-7427a\",\"storageBucket\":\"levadura-7427a.firebasestorage.app\"}","availability":["BUILD","RUNTIME"],"origin":"FIREBASE_SYSTEM"},{"variable":"FIREBASE_WEBAPP_CONFIG","value":"{\"apiKey\":\"AIzaSyC-E2SPHf1EmcxkbmAWgE5_8jBYHWoHR_U\",\"appId\":\"1:129831398418:web:64934e48a5601dff92fccb\",\"authDomain\":\"levadura-7427a.firebaseapp.com\",\"databaseURL\":\"\",\"messagingSenderId\":\"129831398418\",\"projectId\":\"levadura-7427a\",\"storageBucket\":\"levadura-7427a.firebasestorage.app\"}","availability":["BUILD"],"origin":"FIREBASE_SYSTEM"},{"variable":"NG_TRUST_PROXY_HEADERS","value":"X-Forwarded-Host","availability":["RUNTIME"],"origin":"FIREBASE_SYSTEM"},{"variable":"NG_ALLOWED_HOSTS","value":"app-129831398418.us-central1.run.app,app-47bogxhktq-uc.a.run.app,t-2626681799---app-47bogxhktq-uc.a.run.app,app--levadura-7427a.us-central1.hosted.app","availability":["RUNTIME"],"origin":"FIREBASE_SYSTEM"}]},"source":{"archive":{"rootDirectory":"/","userStorageUri":"gs://firebaseapphosting-sources-129831398418-us-central1/app--29788-OhnfTKBB9UgY-.zip"}},"buildLogsUri":"https://console.cloud.google.com/cloud-build/builds;region=us-central1/e79e63fa-7677-4a15-90f6-de0da750bdcf?project=129831398418","createTime":"2026-09-11T16:21:11.913983432Z","updateTime":"2026-09-11T16:24:14.218133Z","labels":{"deployment-tool":"cli-firebase"},"uid":"d44ee898-5d79-4966-b84c-0812b88ccfc3","etag":"ZJ3S0FCNMPckyJQUai1q7ENSYYPX8_TliwVig2KEQMM","reconciling":false},{"name":"projects/levadura-7427a/locations/us-central1/backends/app/builds/build-2026-09-02-002","state":"READY","image":"us-central1-docker.pkg.dev/levadura-7427a/firebaseapphosting-images/app:build-2026-09-02-002","config":{"runConfig":{},"env":[{"variable":"FIREBASE_CONFIG","value":"{\"databaseURL\":\"\",\"projectId\":\"levadura-7427a\",\"storageBucket\":\"levadura-7427a.firebasestorage.app\"}","availability":["BUILD","RUNTIME"]},{"variable":"FIREBASE_WEBAPP_CONFIG","value":"{\"apiKey\":\"AIzaSyC-E2SPHf1EmcxkbmAWgE5_8jBYHWoHR_U\",\"appId\":\"1:129831398418:web:64934e48a5601dff92fccb\",\"authDomain\":\"levadura-7427a.firebaseapp.com\",\"databaseURL\":\"\",\"messagingSenderId\":\"129831398418\",\"projectId\":\"levadura-7427a\",\"storageBucket\":\"levadura-7427a.firebasestorage.app\"}","availability":["BUILD"]},{"variable":"NG_TRUST_PROXY_HEADERS","value":"X-Forwarded-Host","availability":["RUNTIME"]},{"variable":"NG_ALLOWED_HOSTS","value":"app-129831398418.us-central1.run.app,app-47bogxhktq-uc.a.run.app,t-1279010260---app-47bogxhktq-uc.a.run.app,app--levadura-7427a.us-central1.hosted.app","availability":["RUNTIME"]}],"effectiveEnv":[{"variable":"FIREBASE_CONFIG","value":"{\"databaseURL\":\"\",\"projectId\":\"levadura-7427a\",\"storageBucket\":\"levadura-7427a.firebasestorage.app\"}","availability":["BUILD","RUNTIME"],"origin":"FIREBASE_SYSTEM"},{"variable":"FIREBASE_WEBAPP_CONFIG","value":"{\"apiKey\":\"AIzaSyC-E2SPHf1EmcxkbmAWgE5_8jBYHWoHR_U\",\"appId\":\"1:129831398418:web:64934e48a5601dff92fccb\",\"authDomain\":\"levadura-7427a.firebaseapp.com\",\"databaseURL\":\"\",\"messagingSenderId\":\"129831398418\",\"projectId\":\"levadura-7427a\",\"storageBucket\":\"levadura-7427a.firebasestorage.app\"}","availability":["BUILD"],"origin":"FIREBASE_SYSTEM"},{"variable":"NG_TRUST_PROXY_HEADERS","value":"X-Forwarded-Host","availability":["RUNTIME"],"origin":"FIREBASE_SYSTEM"},{"variable":"NG_ALLOWED_HOSTS","value":"app-129831398418.us-central1.run.app,app-47bogxhktq-uc.a.run.app,t-1279010260---app-47bogxhktq-uc.a.run.app,app--levadura-7427a.us-central1.hosted.app","availability":["RUNTIME"],"origin":"FIREBASE_SYSTEM"}]},"source":{"archive":{"rootDirectory":"/","userStorageUri":"gs://firebaseapphosting-sources-129831398418-us-central1/app--12968-0RnQ1m5ymJlh-.zip"}},"buildLogsUri":"https://console.cloud.google.com/cloud-build/builds;region=us-central1/f347fe31-bd7a-4738-a048-c3ab51dc5c9f?project=129831398418","createTime":"2026-09-02T15:59:40.572623950Z","updateTime":"2026-09-02T16:02:12.379906Z","labels":{"deployment-tool":"cli-firebase"},"uid":"6a05b1ff-dc07-4063-8f9c-0bd72e3619c9","etag":"_nx71UTPSv-HdOST9_ehCPvlUUtpGnw4mvlPUXEIXVo","reconciling":false},{"name":"projects/levadura-7427a/locations/us-central1/backends/app/builds/build-2026-09-02-003","state":"READY","image":"us-central1-docker.pkg.dev/levadura-7427a/firebaseapphosting-images/app:build-2026-09-02-003","config":{"runConfig":{},"env":[{"variable":"FIREBASE_CONFIG","value":"{\"databaseURL\":\"\",\"projectId\":\"levadura-7427a\",\"storageBucket\":\"levadura-7427a.firebasestorage.app\"}","availability":["BUILD","RUNTIME"]},{"variable":"FIREBASE_WEBAPP_CONFIG","value":"{\"apiKey\":\"AIzaSyC-E2SPHf1EmcxkbmAWgE5_8jBYHWoHR_U\",\"appId\":\"1:129831398418:web:64934e48a5601dff92fccb\",\"authDomain\":\"levadura-7427a.firebaseapp.com\",\"databaseURL\":\"\",\"messagingSenderId\":\"129831398418\",\"projectId\":\"levadura-7427a\",\"storageBucket\":\"levadura-7427a.firebasestorage.app\"}","availability":["BUILD"]},{"variable":"NG_TRUST_PROXY_HEADERS","value":"X-Forwarded-Host","availability":["RUNTIME"]},{"variable":"NG_ALLOWED_HOSTS","value":"app-129831398418.us-central1.run.app,app-47bogxhktq-uc.a.run.app,t-1279010261---app-47bogxhktq-uc.a.run.app,app--levadura-7427a.us-central1.hosted.app","availability":["RUNTIME"]}],"effectiveEnv":[{"variable":"FIREBASE_CONFIG","value":"{\"databaseURL\":\"\",\"projectId\":\"levadura-7427a\",\"storageBucket\":\"levadura-7427a.firebasestorage.app\"}","availability":["BUILD","RUNTIME"],"origin":"FIREBASE_SYSTEM"},{"variable":"FIREBASE_WEBAPP_CONFIG","value":"{\"apiKey\":\"AIzaSyC-E2SPHf1EmcxkbmAWgE5_8jBYHWoHR_U\",\"appId\":\"1:129831398418:web:64934e48a5601dff92fccb\",\"authDomain\":\"levadura-7427a.firebaseapp.com\",\"databaseURL\":\"\",\"messagingSenderId\":\"129831398418\",\"projectId\":\"levadura-7427a\",\"storageBucket\":\"levadura-7427a.firebasestorage.app\"}","availability":["BUILD"],"origin":"FIREBASE_SYSTEM"},{"variable":"NG_TRUST_PROXY_HEADERS","value":"X-Forwarded-Host","availability":["RUNTIME"],"origin":"FIREBASE_SYSTEM"},{"variable":"NG_ALLOWED_HOSTS","value":"app-129831398418.us-central1.run.app,app-47bogxhktq-uc.a.run.app,t-1279010261---app-47bogxhktq-uc.a.run.app,app--levadura-7427a.us-central1.hosted.app","availability":["RUNTIME"],"origin":"FIREBASE_SYSTEM"}]},"source":{"archive":{"rootDirectory":"/","userStorageUri":"gs://firebaseapphosting-sources-129831398418-us-central1/app--21092-B9s5Knvymttj-.zip"}},"buildLogsUri":"https://console.cloud.google.com/cloud-build/builds;region=us-central1/04a0ba10-2c13-401b-9ff5-7e0b295e08eb?project=129831398418","createTime":"2026-09-02T18:14:06.277453982Z","updateTime":"2026-09-02T18:17:18.747789Z","labels":{"deployment-tool":"cli-firebase"},"uid":"8a25d26c-f232-4899-887b-ea6454aa92ab","etag":"xbBiVCXDu8NnqxNzFJ3AGKlSoGxCR0DEFHZkpOHnNYQ","reconciling":false},{"name":"projects/levadura-7427a/locations/us-central1/backends/app/builds/build-2026-09-02-001","state":"READY","image":"us-central1-docker.pkg.dev/levadura-7427a/firebaseapphosting-images/app:build-2026-09-02-001","config":{"runConfig":{},"env":[{"variable":"FIREBASE_CONFIG","value":"{\"databaseURL\":\"\",\"projectId\":\"levadura-7427a\",\"storageBucket\":\"levadura-7427a.firebasestorage.app\"}","availability":["BUILD","RUNTIME"]},{"variable":"FIREBASE_WEBAPP_CONFIG","value":"{\"apiKey\":\"AIzaSyC-E2SPHf1EmcxkbmAWgE5_8jBYHWoHR_U\",\"appId\":\"1:129831398418:web:64934e48a5601dff92fccb\",\"authDomain\":\"levadura-7427a.firebaseapp.com\",\"databaseURL\":\"\",\"messagingSenderId\":\"129831398418\",\"projectId\":\"levadura-7427a\",\"storageBucket\":\"levadura-7427a.firebasestorage.app\"}","availability":["BUILD"]},{"variable":"NG_TRUST_PROXY_HEADERS","value":"X-Forwarded-Host","availability":["RUNTIME"]},{"variable":"NG_ALLOWED_HOSTS","value":"app-129831398418.us-central1.run.app,app-47bogxhktq-uc.a.run.app,t-1279010263---app-47bogxhktq-uc.a.run.app,app--levadura-7427a.us-central1.hosted.app","availability":["RUNTIME"]}],"effectiveEnv":[{"variable":"FIREBASE_CONFIG","value":"{\"databaseURL\":\"\",\"projectId\":\"levadura-7427a\",\"storageBucket\":\"levadura-7427a.firebasestorage.app\"}","availability":["BUILD","RUNTIME"],"origin":"FIREBASE_SYSTEM"},{"variable":"FIREBASE_WEBAPP_CONFIG","value":"{\"apiKey\":\"AIzaSyC-E2SPHf1EmcxkbmAWgE5_8jBYHWoHR_U\",\"appId\":\"1:129831398418:web:64934e48a5601dff92fccb\",\"authDomain\":\"levadura-7427a.firebaseapp.com\",\"databaseURL\":\"\",\"messagingSenderId\":\"129831398418\",\"projectId\":\"levadura-7427a\",\"storageBucket\":\"levadura-7427a.firebasestorage.app\"}","availability":["BUILD"],"origin":"FIREBASE_SYSTEM"},{"variable":"NG_TRUST_PROXY_HEADERS","value":"X-Forwarded-Host","availability":["RUNTIME"],"origin":"FIREBASE_SYSTEM"},{"variable":"NG_ALLOWED_HOSTS","value":"app-129831398418.us-central1.run.app,app-47bogxhktq-uc.a.run.app,t-1279010263---app-47bogxhktq-uc.a.run.app,app--levadura-7427a.us-central1.hosted.app","availability":["RUNTIME"],"origin":"FIREBASE_SYSTEM"}]},"source":{"archive":{"rootDirectory":"/","userStorageUri":"gs://firebaseapphosting-sources-129831398418-us-central1/app--16604-Du5wcvkPOhZL-.zip"}},"buildLogsUri":"https://console.cloud.google.com/cloud-build/builds;region=us-central1/cf9bccc7-df37-4b85-baad-65f626c27145?project=129831398418","createTime":"2026-09-02T15:45:16.335265597Z","updateTime":"2026-09-02T15:47:48.233816Z","labels":{"deployment-tool":"cli-firebase"},"uid":"098da7e1-233b-4260-a670-57efc9714ba9","etag":"Lg-0zHF50KzywjeIH1fDnDPdOM_zuO6TJJKl8Ze8Eeo","reconciling":false},{"name":"projects/levadura-7427a/locations/us-central1/backends/app/builds/build-2026-08-25-001","state":"READY","image":"us-central1-docker.pkg.dev/levadura-7427a/firebaseapphosting-images/app:build-2026-08-25-001","config":{"runConfig":{},"env":[{"variable":"FIREBASE_CONFIG","value":"{\"databaseURL\":\"\",\"projectId\":\"levadura-7427a\",\"storageBucket\":\"levadura-7427a.firebasestorage.app\"}","availability":["BUILD","RUNTIME"]},{"variable":"FIREBASE_WEBAPP_CONFIG","value":"{\"apiKey\":\"AIzaSyC-E2SPHf1EmcxkbmAWgE5_8jBYHWoHR_U\",\"appId\":\"1:129831398418:web:64934e48a5601dff92fccb\",\"authDomain\":\"levadura-7427a.firebaseapp.com\",\"databaseURL\":\"\",\"messagingSenderId\":\"129831398418\",\"projectId\":\"levadura-7427a\",\"storageBucket\":\"levadura-7427a.firebasestorage.app\"}","availability":["BUILD"]},{"variable":"NG_TRUST_PROXY_HEADERS","value":"X-Forwarded-Host","availability":["RUNTIME"]},{"variable":"NG_ALLOWED_HOSTS","value":"app-129831398418.us-central1.run.app,app-47bogxhktq-uc.a.run.app,t-592976245---app-47bogxhktq-uc.a.run.app,app--levadura-7427a.us-central1.hosted.app","availability":["RUNTIME"]}],"effectiveEnv":[{"variable":"FIREBASE_CONFIG","value":"{\"databaseURL\":\"\",\"projectId\":\"levadura-7427a\",\"storageBucket\":\"levadura-7427a.firebasestorage.app\"}","availability":["BUILD","RUNTIME"],"origin":"FIREBASE_SYSTEM"},{"variable":"FIREBASE_WEBAPP_CONFIG","value":"{\"apiKey\":\"AIzaSyC-E2SPHf1EmcxkbmAWgE5_8jBYHWoHR_U\",\"appId\":\"1:129831398418:web:64934e48a5601dff92fccb\",\"authDomain\":\"levadura-7427a.firebaseapp.com\",\"databaseURL\":\"\",\"messagingSenderId\":\"129831398418\",\"projectId\":\"levadura-7427a\",\"storageBucket\":\"levadura-7427a.firebasestorage.app\"}","availability":["BUILD"],"origin":"FIREBASE_SYSTEM"},{"variable":"NG_TRUST_PROXY_HEADERS","value":"X-Forwarded-Host","availability":["RUNTIME"],"origin":"FIREBASE_SYSTEM"},{"variable":"NG_ALLOWED_HOSTS","value":"app-129831398418.us-central1.run.app,app-47bogxhktq-uc.a.run.app,t-592976245---app-47bogxhktq-uc.a.run.app,app--levadura-7427a.us-central1.hosted.app","availability":["RUNTIME"],"origin":"FIREBASE_SYSTEM"}]},"source":{"archive":{"rootDirectory":"/","userStorageUri":"gs://firebaseapphosting-sources-129831398418-us-central1/app--65084-H2RGiMBtt3GR-.zip"}},"buildLogsUri":"https://console.cloud.google.com/cloud-build/builds;region=us-central1/78dd70d9-5249-4a2e-89cc-32d4da59f33f?project=129831398418","createTime":"2026-08-25T13:51:13.374663937Z","updateTime":"2026-08-25T13:53:35.073957Z","labels":{"deployment-tool":"cli-firebase"},"uid":"c5544b44-e6de-4866-a8cf-c70add3ca778","etag":"Qq9RaKKyxLSDxJ1XaA9tdNEl1_BsdrWXo8GhsdHHVj4","reconciling":false},{"name":"projects/levadura-7427a/locations/us-central1/backends/app/builds/build-2026-08-25-002","state":"READY","image":"us-central1-docker.pkg.dev/levadura-7427a/firebaseapphosting-images/app:build-2026-08-25-002","config":{"runConfig":{},"env":[{"variable":"FIREBASE_CONFIG","value":"{\"databaseURL\":\"\",\"projectId\":\"levadura-7427a\",\"storageBucket\":\"levadura-7427a.firebasestorage.app\"}","availability":["BUILD","RUNTIME"]},{"variable":"FIREBASE_WEBAPP_CONFIG","value":"{\"apiKey\":\"AIzaSyC-E2SPHf1EmcxkbmAWgE5_8jBYHWoHR_U\",\"appId\":\"1:129831398418:web:64934e48a5601dff92fccb\",\"authDomain\":\"levadura-7427a.firebaseapp.com\",\"databaseURL\":\"\",\"messagingSenderId\":\"129831398418\",\"projectId\":\"levadura-7427a\",\"storageBucket\":\"levadura-7427a.firebasestorage.app\"}","availability":["BUILD"]},{"variable":"NG_TRUST_PROXY_HEADERS","value":"X-Forwarded-Host","availability":["RUNTIME"]},{"variable":"NG_ALLOWED_HOSTS","value":"app-129831398418.us-central1.run.app,app-47bogxhktq-uc.a.run.app,t-592976246---app-47bogxhktq-uc.a.run.app,app--levadura-7427a.us-central1.hosted.app","availability":["RUNTIME"]}],"effectiveEnv":[{"variable":"FIREBASE_CONFIG","value":"{\"databaseURL\":\"\",\"projectId\":\"levadura-7427a\",\"storageBucket\":\"levadura-7427a.firebasestorage.app\"}","availability":["BUILD","RUNTIME"],"origin":"FIREBASE_SYSTEM"},{"variable":"FIREBASE_WEBAPP_CONFIG","value":"{\"apiKey\":\"AIzaSyC-E2SPHf1EmcxkbmAWgE5_8jBYHWoHR_U\",\"appId\":\"1:129831398418:web:64934e48a5601dff92fccb\",\"authDomain\":\"levadura-7427a.firebaseapp.com\",\"databaseURL\":\"\",\"messagingSenderId\":\"129831398418\",\"projectId\":\"levadura-7427a\",\"storageBucket\":\"levadura-7427a.firebasestorage.app\"}","availability":["BUILD"],"origin":"FIREBASE_SYSTEM"},{"variable":"NG_TRUST_PROXY_HEADERS","value":"X-Forwarded-Host","availability":["RUNTIME"],"origin":"FIREBASE_SYSTEM"},{"variable":"NG_ALLOWED_HOSTS","value":"app-129831398418.us-central1.run.app,app-47bogxhktq-uc.a.run.app,t-592976246---app-47bogxhktq-uc.a.run.app,app--levadura-7427a.us-central1.hosted.app","availability":["RUNTIME"],"origin":"FIREBASE_SYSTEM"}]},"source":{"archive":{"rootDirectory":"/","userStorageUri":"gs://firebaseapphosting-sources-129831398418-us-central1/app--27508-dq3edE3y0Myh-.zip"}},"buildLogsUri":"https://console.cloud.google.com/cloud-build/builds;region=us-central1/b7fb7518-379d-4ffb-947c-681028865926?project=129831398418","createTime":"2026-08-25T14:29:45.241091923Z","updateTime":"2026-08-25T14:32:27.285577Z","labels":{"deployment-tool":"cli-firebase"},"uid":"ae9875f1-e134-42e2-a592-06a13dbb0527","etag":"YH5F_qLFdSldvpODRuj8bEhfMRy9jfzR1PnohaY7iWs","reconciling":false}]}
[debug] [2026-10-01T16:38:53.629Z] <<< [apiv2][status] GET https://firebaseapphosting.googleapis.com/v1beta/projects/levadura-7427a/locations/us-central1/backends/app/rollouts 200
[debug] [2026-10-01T16:38:53.630Z] <<< [apiv2][body] GET https://firebaseapphosting.googleapis.com/v1beta/projects/levadura-7427a/locations/us-central1/backends/app/rollouts {"rollouts":[{"name":"projects/levadura-7427a/locations/us-central1/backends/app/rollouts/build-2026-10-01-001","createTime":"2026-10-01T16:33:03.885411842Z","updateTime":"2026-10-01T16:35:21.055948Z","state":"SUCCEEDED","build":"projects/levadura-7427a/locations/us-central1/backends/app/builds/build-2026-10-01-001","labels":{"deployment-tool":"cli-firebase"},"uid":"050159a4-e303-4b50-bc26-953e98a17c72","etag":"gsFqOO6jH8XIibSZs9p_L1DmoRfJS4Qs_V8BWipDaPw","reconciling":false},{"name":"projects/levadura-7427a/locations/us-central1/backends/app/rollouts/build-2026-08-27-001","createTime":"2026-08-27T00:07:27.522505523Z","updateTime":"2026-08-27T00:09:54.791375Z","state":"SUCCEEDED","build":"projects/levadura-7427a/locations/us-central1/backends/app/builds/build-2026-08-27-001","labels":{"deployment-tool":"cli-firebase"},"uid":"d08efb0d-4f91-49f4-998d-22b65c51cb2a","etag":"WdeeFDDj00F1lK3jsnf0dAicacy6uNDGYlpuOiy91B0","reconciling":false},{"name":"projects/levadura-7427a/locations/us-central1/backends/app/rollouts/build-2026-09-15-001","createTime":"2026-09-15T13:30:40.691328821Z","updateTime":"2026-09-15T13:33:28.208412Z","state":"SUCCEEDED","build":"projects/levadura-7427a/locations/us-central1/backends/app/builds/build-2026-09-15-001","labels":{"deployment-tool":"cli-firebase"},"uid":"66e2ba16-a564-40ae-94d6-09fe18ca3019","etag":"lHS1RWW6jGNX107QxXEiSfgejMGoxgEJgJtn2aYASz4","reconciling":false},{"name":"projects/levadura-7427a/locations/us-central1/backends/app/rollouts/build-2026-08-31-001","createTime":"2026-08-31T18:35:06.202800089Z","updateTime":"2026-08-31T18:37:58.595785Z","state":"SUCCEEDED","build":"projects/levadura-7427a/locations/us-central1/backends/app/builds/build-2026-08-31-001","labels":{"deployment-tool":"cli-firebase"},"uid":"a880f793-3dff-485b-9080-3924b9fb0bbf","etag":"N0Nh7dowa1-2N-tzGWhTfH2pFJUL6a3PS0MTn2BO2xg","reconciling":false},{"name":"projects/levadura-7427a/locations/us-central1/backends/app/rollouts/build-2026-09-01-004","createTime":"2026-09-01T18:53:45.943629984Z","updateTime":"2026-09-01T18:56:03.230619Z","state":"SUCCEEDED","build":"projects/levadura-7427a/locations/us-central1/backends/app/builds/build-2026-09-01-004","labels":{"deployment-tool":"cli-firebase"},"uid":"647c61b4-bfb3-41b4-bc3b-9cdae00d3813","etag":"jPVeNyWnhG_231E1sxHk7R7Loc5d0PNqAZAOX_pcM20","reconciling":false},{"name":"projects/levadura-7427a/locations/us-central1/backends/app/rollouts/build-2026-09-01-001","createTime":"2026-09-01T15:10:38.226197537Z","updateTime":"2026-09-01T15:13:55.805968Z","state":"SUCCEEDED","build":"projects/levadura-7427a/locations/us-central1/backends/app/builds/build-2026-09-01-001","labels":{"deployment-tool":"cli-firebase"},"uid":"e96536f0-238b-4cc7-8569-61ed7ac2ea4a","etag":"8R6IHaVzBrc5Yb5iRy4GbZIgKxJAUUPiHZ7VoiPFSQE","reconciling":false},{"name":"projects/levadura-7427a/locations/us-central1/backends/app/rollouts/build-2026-09-01-003","createTime":"2026-09-01T18:11:06.592246876Z","updateTime":"2026-09-01T18:15:40.342373Z","state":"SUCCEEDED","build":"projects/levadura-7427a/locations/us-central1/backends/app/builds/build-2026-09-01-003","labels":{"deployment-tool":"cli-firebase"},"uid":"544025e0-56f4-436d-aad2-6e7e7dd7ba22","etag":"ceIhxnBccWt8tXVYKzT-m1EozF1fw67DFFnCmK9KCnc","reconciling":false},{"name":"projects/levadura-7427a/locations/us-central1/backends/app/rollouts/build-2026-09-01-002","createTime":"2026-09-01T18:06:50.941019143Z","updateTime":"2026-09-01T18:10:34.753510Z","state":"SUCCEEDED","build":"projects/levadura-7427a/locations/us-central1/backends/app/builds/build-2026-09-01-002","labels":{"deployment-tool":"cli-firebase"},"uid":"cfb613e1-829b-499b-8b9d-26c390fe3f60","etag":"hgyqI7o-yeC4eDWmwVCAM8Ere_Mqce9ZOMuld16waC4","reconciling":false},{"name":"projects/levadura-7427a/locations/us-central1/backends/app/rollouts/build-2026-09-16-001","createTime":"2026-09-16T01:58:59.386165216Z","updateTime":"2026-09-16T02:01:16.513109Z","state":"SUCCEEDED","build":"projects/levadura-7427a/locations/us-central1/backends/app/builds/build-2026-09-16-001","labels":{"deployment-tool":"cli-firebase"},"uid":"43f275ff-f140-4d44-aa93-f27a4f166b3f","etag":"U8vdv-tE74ClrTc3S4v2DLF79hO0ngYgw2rg9MfZRyE","reconciling":false},{"name":"projects/levadura-7427a/locations/us-central1/backends/app/rollouts/build-2026-08-24-001","createTime":"2026-08-24T22:20:01.072164484Z","updateTime":"2026-08-24T22:22:48.651825Z","state":"SUCCEEDED","build":"projects/levadura-7427a/locations/us-central1/backends/app/builds/build-2026-08-24-001","labels":{"deployment-tool":"cli-firebase"},"uid":"d08ac8a7-00c1-4013-9182-8b7b8a5ae874","etag":"XWL1YfoH_pzy0Fj2i36xx29OrwTltFO_aOb66W-uR64","reconciling":false},{"name":"projects/levadura-7427a/locations/us-central1/backends/app/rollouts/build-2026-08-24-003","createTime":"2026-08-24T23:17:52.222267667Z","updateTime":"2026-08-24T23:20:29.526577Z","state":"SUCCEEDED","build":"projects/levadura-7427a/locations/us-central1/backends/app/builds/build-2026-08-24-003","labels":{"deployment-tool":"cli-firebase"},"uid":"12e0e9f7-cb91-4602-a174-010991e150bf","etag":"ryCHMeGFQMti-Kn21GlW90cB4D8prIGoY63iE45yq3w","reconciling":false},{"name":"projects/levadura-7427a/locations/us-central1/backends/app/rollouts/build-2026-08-24-002","createTime":"2026-08-24T23:01:29.149360045Z","updateTime":"2026-08-24T23:03:46.306616Z","state":"SUCCEEDED","build":"projects/levadura-7427a/locations/us-central1/backends/app/builds/build-2026-08-24-002","labels":{"deployment-tool":"cli-firebase"},"uid":"02d7ed08-c5f7-43a5-8b91-87c1be4a20a0","etag":"3lr7nVdV5AzVM_xD8LCnjhC11xyrICJjMLuv6I30Cps","reconciling":false},{"name":"projects/levadura-7427a/locations/us-central1/backends/app/rollouts/build-2026-08-21-001","createTime":"2026-08-21T20:28:56.874679512Z","updateTime":"2026-08-21T20:30:07.802571Z","state":"FAILED","build":"projects/levadura-7427a/locations/us-central1/backends/app/builds/build-2026-08-21-001","labels":{"deployment-tool":"cli-firebase"},"uid":"04f62694-7ef5-40ac-9895-a5eb2d37c6ab","etag":"f8VBQFt2Jg5G7cabN4P7bekEeyuQq4E2Qzl1CNpjEXo","reconciling":false},{"name":"projects/levadura-7427a/locations/us-central1/backends/app/rollouts/build-2026-08-21-002","createTime":"2026-08-21T20:32:17.255308804Z","updateTime":"2026-08-21T20:34:39.496789Z","state":"SUCCEEDED","build":"projects/levadura-7427a/locations/us-central1/backends/app/builds/build-2026-08-21-002","labels":{"deployment-tool":"cli-firebase"},"uid":"fc6f0e3b-84fd-449b-92d7-2430deb28ade","etag":"VwBKd52_Ta8HvvRVFSrTBAAnLKp4r5eyQHxaFLmb_Xc","reconciling":false},{"name":"projects/levadura-7427a/locations/us-central1/backends/app/rollouts/build-2026-09-14-001","createTime":"2026-09-14T15:45:20.444867174Z","updateTime":"2026-09-14T15:48:08.098837Z","state":"SUCCEEDED","build":"projects/levadura-7427a/locations/us-central1/backends/app/builds/build-2026-09-14-001","labels":{"deployment-tool":"cli-firebase"},"uid":"c3176cf4-c1e1-49a8-8654-132dc5c4e5d1","etag":"gwFRB7GV0n_TIFyJOCZPyF2yDFL2vgy9lSqMDiMk8NQ","reconciling":false},{"name":"projects/levadura-7427a/locations/us-central1/backends/app/rollouts/build-2026-09-17-001","createTime":"2026-09-17T15:16:43.690347163Z","updateTime":"2026-09-17T15:19:11.036606Z","state":"SUCCEEDED","build":"projects/levadura-7427a/locations/us-central1/backends/app/builds/build-2026-09-17-001","labels":{"deployment-tool":"cli-firebase"},"uid":"54daa946-ab8f-4123-b382-a6abec20fff1","etag":"0ocjkeJVf2cvPo20YVfLhf6wjEqQuH-mMBPs34VNSSo","reconciling":false},{"name":"projects/levadura-7427a/locations/us-central1/backends/app/rollouts/build-2026-09-11-002","createTime":"2026-09-11T18:34:08.618504859Z","updateTime":"2026-09-11T18:36:35.967535Z","state":"SUCCEEDED","build":"projects/levadura-7427a/locations/us-central1/backends/app/builds/build-2026-09-11-002","labels":{"deployment-tool":"cli-firebase"},"uid":"52c5c02c-607f-4cb6-b61c-490c64ec8ae4","etag":"D7FBxuOVR_JNcz9yYfE0Cf1brCnWsZhpayS7g6PmugY","reconciling":false},{"name":"projects/levadura-7427a/locations/us-central1/backends/app/rollouts/build-2026-09-11-003","createTime":"2026-09-11T18:53:26.745904752Z","updateTime":"2026-09-11T18:55:59.051148Z","state":"SUCCEEDED","build":"projects/levadura-7427a/locations/us-central1/backends/app/builds/build-2026-09-11-003","labels":{"deployment-tool":"cli-firebase"},"uid":"e3f5ed65-d3fa-4c36-95ea-dea79f3f0422","etag":"hWW5z0SQ_ucdnGn5L00Dv37Fk51ES7PnF3el1tf4ghQ","reconciling":false},{"name":"projects/levadura-7427a/locations/us-central1/backends/app/rollouts/build-2026-09-11-001","createTime":"2026-09-11T16:21:12.406329447Z","updateTime":"2026-09-11T16:24:20.262245Z","state":"SUCCEEDED","build":"projects/levadura-7427a/locations/us-central1/backends/app/builds/build-2026-09-11-001","labels":{"deployment-tool":"cli-firebase"},"uid":"b31c064b-24a0-496c-b340-4e2aaa7df5da","etag":"IxVWfDVy776Ou3jpyyUGCnPHd7_-cxZjUNnuYpsUgok","reconciling":false},{"name":"projects/levadura-7427a/locations/us-central1/backends/app/rollouts/build-2026-09-02-002","createTime":"2026-09-02T15:59:41.048165301Z","updateTime":"2026-09-02T16:02:18.617314Z","state":"SUCCEEDED","build":"projects/levadura-7427a/locations/us-central1/backends/app/builds/build-2026-09-02-002","labels":{"deployment-tool":"cli-firebase"},"uid":"65368664-b2ec-43bc-842a-b12b0aaabae6","etag":"bMhOkHzyxAUpUNUnkV8R-u0a8ndFEKlSTvLx8T85ZgI","reconciling":false},{"name":"projects/levadura-7427a/locations/us-central1/backends/app/rollouts/build-2026-09-02-003","createTime":"2026-09-02T18:14:06.684733156Z","updateTime":"2026-09-02T18:17:25.319400Z","state":"SUCCEEDED","build":"projects/levadura-7427a/locations/us-central1/backends/app/builds/build-2026-09-02-003","labels":{"deployment-tool":"cli-firebase"},"uid":"014aeae3-2839-413c-be5f-c686b84c0bb5","etag":"xBXKK5qzcnh1q2r849PcGyMlFnlISBPO1MhcNIlYcOo","reconciling":false},{"name":"projects/levadura-7427a/locations/us-central1/backends/app/rollouts/build-2026-09-02-001","createTime":"2026-09-02T15:45:16.731267920Z","updateTime":"2026-09-02T15:47:54.151317Z","state":"SUCCEEDED","build":"projects/levadura-7427a/locations/us-central1/backends/app/builds/build-2026-09-02-001","labels":{"deployment-tool":"cli-firebase"},"uid":"9ce58c76-3485-4e4a-8059-364ab75e1109","etag":"7ARUyTwT1MWxnY6i9wAmPh4TPIAyXFrI2eDzXy-btqg","reconciling":false},{"name":"projects/levadura-7427a/locations/us-central1/backends/app/rollouts/build-2026-08-25-001","createTime":"2026-08-25T13:51:13.944703212Z","updateTime":"2026-08-25T13:53:46.186669Z","state":"SUCCEEDED","build":"projects/levadura-7427a/locations/us-central1/backends/app/builds/build-2026-08-25-001","labels":{"deployment-tool":"cli-firebase"},"uid":"8ad81f4d-e3ff-4c7d-8479-c3807a1b101f","etag":"SV90hzsixnikG6eiqhGli9mmF9TYaO9u9B2al9QBGps","reconciling":false},{"name":"projects/levadura-7427a/locations/us-central1/backends/app/rollouts/build-2026-08-25-002","createTime":"2026-08-25T14:29:45.576765944Z","updateTime":"2026-08-25T14:32:33.221957Z","state":"SUCCEEDED","build":"projects/levadura-7427a/locations/us-central1/backends/app/builds/build-2026-08-25-002","labels":{"deployment-tool":"cli-firebase"},"uid":"b29cedce-f4d1-4d13-b8d0-e5dbccf2d73a","etag":"-X2lyJSNz9w8KDSoGYiMK5xu99zQcyqPTJAIgVPS-Ng","reconciling":false}]}
[debug] [2026-10-01T16:38:53.630Z] Checked if tokens are valid: true, expires at: 1790875976660
[debug] [2026-10-01T16:38:53.630Z] Checked if tokens are valid: true, expires at: 1790875976660
[debug] [2026-10-01T16:38:53.631Z] >>> [apiv2][query] POST https://firebaseapphosting.googleapis.com/v1beta/projects/levadura-7427a/locations/us-central1/backends/app/builds buildId=build-2026-10-01-002
[debug] [2026-10-01T16:38:53.631Z] >>> [apiv2][body] POST https://firebaseapphosting.googleapis.com/v1beta/projects/levadura-7427a/locations/us-central1/backends/app/builds {"source":{"archive":{"userStorageUri":"gs://firebaseapphosting-sources-129831398418-us-central1/app--27812-UL6PYXhr2eza-.zip","rootDirectory":"/"}},"labels":{"deployment-tool":"cli-firebase"}}
[debug] [2026-10-01T16:38:53.657Z] <<< [apiv2][status] GET https://firebaseapphosting.googleapis.com/v1beta/projects/levadura-7427a/locations/us-central1/backends/panel-levadura-web/builds 200
[debug] [2026-10-01T16:38:53.657Z] <<< [apiv2][body] GET https://firebaseapphosting.googleapis.com/v1beta/projects/levadura-7427a/locations/us-central1/backends/panel-levadura-web/builds {"builds":[{"name":"projects/levadura-7427a/locations/us-central1/backends/panel-levadura-web/builds/build-2026-10-01-001","state":"READY","image":"us-central1-docker.pkg.dev/levadura-7427a/firebaseapphosting-images/panel-levadura-web:build-2026-10-01-001","config":{"runConfig":{},"env":[{"variable":"FIREBASE_CONFIG","value":"{\"databaseURL\":\"\",\"projectId\":\"levadura-7427a\",\"storageBucket\":\"levadura-7427a.firebasestorage.app\"}","availability":["BUILD","RUNTIME"]},{"variable":"FIREBASE_WEBAPP_CONFIG","value":"{\"apiKey\":\"AIzaSyC-E2SPHf1EmcxkbmAWgE5_8jBYHWoHR_U\",\"appId\":\"1:129831398418:web:24ec88209c43aa5f92fccb\",\"authDomain\":\"levadura-7427a.firebaseapp.com\",\"databaseURL\":\"\",\"messagingSenderId\":\"129831398418\",\"projectId\":\"levadura-7427a\",\"storageBucket\":\"levadura-7427a.firebasestorage.app\"}","availability":["BUILD"]},{"variable":"NG_TRUST_PROXY_HEADERS","value":"X-Forwarded-Host","availability":["RUNTIME"]},{"variable":"NG_ALLOWED_HOSTS","value":"panel-levadura-web-129831398418.us-central1.run.app,panel-levadura-web-47bogxhktq-uc.a.run.app,t-1202966222---panel-levadura-web-47bogxhktq-uc.a.run.app,panel-levadura-web--levadura-7427a.us-central1.hosted.app","availability":["RUNTIME"]}],"effectiveEnv":[{"variable":"FIREBASE_CONFIG","value":"{\"databaseURL\":\"\",\"projectId\":\"levadura-7427a\",\"storageBucket\":\"levadura-7427a.firebasestorage.app\"}","availability":["BUILD","RUNTIME"],"origin":"FIREBASE_SYSTEM"},{"variable":"FIREBASE_WEBAPP_CONFIG","value":"{\"apiKey\":\"AIzaSyC-E2SPHf1EmcxkbmAWgE5_8jBYHWoHR_U\",\"appId\":\"1:129831398418:web:24ec88209c43aa5f92fccb\",\"authDomain\":\"levadura-7427a.firebaseapp.com\",\"databaseURL\":\"\",\"messagingSenderId\":\"129831398418\",\"projectId\":\"levadura-7427a\",\"storageBucket\":\"levadura-7427a.firebasestorage.app\"}","availability":["BUILD"],"origin":"FIREBASE_SYSTEM"},{"variable":"NG_TRUST_PROXY_HEADERS","value":"X-Forwarded-Host","availability":["RUNTIME"],"origin":"FIREBASE_SYSTEM"},{"variable":"NG_ALLOWED_HOSTS","value":"panel-levadura-web-129831398418.us-central1.run.app,panel-levadura-web-47bogxhktq-uc.a.run.app,t-1202966222---panel-levadura-web-47bogxhktq-uc.a.run.app,panel-levadura-web--levadura-7427a.us-central1.hosted.app","availability":["RUNTIME"],"origin":"FIREBASE_SYSTEM"}]},"source":{"archive":{"rootDirectory":"/","userStorageUri":"gs://firebaseapphosting-sources-129831398418-us-central1/panel-levadura-web--6120-BTu7s56FmO25-.zip"}},"buildLogsUri":"https://console.cloud.google.com/cloud-build/builds;region=us-central1/610d703d-893b-448f-9ebc-cbc62141b239?project=129831398418","createTime":"2026-10-01T16:33:03.331992080Z","updateTime":"2026-10-01T16:35:45.263393Z","labels":{"deployment-tool":"cli-firebase"},"uid":"c2e449f0-e4af-4182-b924-db0577048ae5","etag":"hlvREKjD2SG0HuiVBNc9pqPIMWSFJ7od_tmv1zdq19s","reconciling":false},{"name":"projects/levadura-7427a/locations/us-central1/backends/panel-levadura-web/builds/build-2026-08-27-001","state":"READY","image":"us-central1-docker.pkg.dev/levadura-7427a/firebaseapphosting-images/panel-levadura-web:build-2026-08-27-001","config":{"runConfig":{},"env":[{"variable":"FIREBASE_CONFIG","value":"{\"databaseURL\":\"\",\"projectId\":\"levadura-7427a\",\"storageBucket\":\"levadura-7427a.firebasestorage.app\"}","availability":["BUILD","RUNTIME"]},{"variable":"FIREBASE_WEBAPP_CONFIG","value":"{\"apiKey\":\"AIzaSyC-E2SPHf1EmcxkbmAWgE5_8jBYHWoHR_U\",\"appId\":\"1:129831398418:web:24ec88209c43aa5f92fccb\",\"authDomain\":\"levadura-7427a.firebaseapp.com\",\"databaseURL\":\"\",\"messagingSenderId\":\"129831398418\",\"projectId\":\"levadura-7427a\",\"storageBucket\":\"levadura-7427a.firebasestorage.app\"}","availability":["BUILD"]},{"variable":"NG_TRUST_PROXY_HEADERS","value":"X-Forwarded-Host","availability":["RUNTIME"]},{"variable":"NG_ALLOWED_HOSTS","value":"panel-levadura-web-129831398418.us-central1.run.app,panel-levadura-web-47bogxhktq-uc.a.run.app,t-1418985859---panel-levadura-web-47bogxhktq-uc.a.run.app,panel-levadura-web--levadura-7427a.us-central1.hosted.app","availability":["RUNTIME"]}],"effectiveEnv":[{"variable":"FIREBASE_CONFIG","value":"{\"databaseURL\":\"\",\"projectId\":\"levadura-7427a\",\"storageBucket\":\"levadura-7427a.firebasestorage.app\"}","availability":["BUILD","RUNTIME"],"origin":"FIREBASE_SYSTEM"},{"variable":"FIREBASE_WEBAPP_CONFIG","value":"{\"apiKey\":\"AIzaSyC-E2SPHf1EmcxkbmAWgE5_8jBYHWoHR_U\",\"appId\":\"1:129831398418:web:24ec88209c43aa5f92fccb\",\"authDomain\":\"levadura-7427a.firebaseapp.com\",\"databaseURL\":\"\",\"messagingSenderId\":\"129831398418\",\"projectId\":\"levadura-7427a\",\"storageBucket\":\"levadura-7427a.firebasestorage.app\"}","availability":["BUILD"],"origin":"FIREBASE_SYSTEM"},{"variable":"NG_TRUST_PROXY_HEADERS","value":"X-Forwarded-Host","availability":["RUNTIME"],"origin":"FIREBASE_SYSTEM"},{"variable":"NG_ALLOWED_HOSTS","value":"panel-levadura-web-129831398418.us-central1.run.app,panel-levadura-web-47bogxhktq-uc.a.run.app,t-1418985859---panel-levadura-web-47bogxhktq-uc.a.run.app,panel-levadura-web--levadura-7427a.us-central1.hosted.app","availability":["RUNTIME"],"origin":"FIREBASE_SYSTEM"}]},"source":{"archive":{"rootDirectory":"/","userStorageUri":"gs://firebaseapphosting-sources-129831398418-us-central1/panel-levadura-web--58196-5heDbx5h3SA1-.zip"}},"buildLogsUri":"https://console.cloud.google.com/cloud-build/builds;region=us-central1/01de3a51-60f1-4112-bebc-b8fde9b7da9d?project=129831398418","createTime":"2026-08-27T00:07:27.191719143Z","updateTime":"2026-08-27T00:09:48.822553Z","labels":{"deployment-tool":"cli-firebase"},"uid":"7f3ea11c-f31e-401a-8247-e7f9cca2c4f4","etag":"tD03XYD-ywno2cgufxcpRI7IZzm5GgH_tbww6GoXl6s","reconciling":false},{"name":"projects/levadura-7427a/locations/us-central1/backends/panel-levadura-web/builds/build-2026-09-15-001","state":"READY","image":"us-central1-docker.pkg.dev/levadura-7427a/firebaseapphosting-images/panel-levadura-web:build-2026-09-15-001","config":{"runConfig":{},"env":[{"variable":"FIREBASE_CONFIG","value":"{\"databaseURL\":\"\",\"projectId\":\"levadura-7427a\",\"storageBucket\":\"levadura-7427a.firebasestorage.app\"}","availability":["BUILD","RUNTIME"]},{"variable":"FIREBASE_WEBAPP_CONFIG","value":"{\"apiKey\":\"AIzaSyC-E2SPHf1EmcxkbmAWgE5_8jBYHWoHR_U\",\"appId\":\"1:129831398418:web:24ec88209c43aa5f92fccb\",\"authDomain\":\"levadura-7427a.firebaseapp.com\",\"databaseURL\":\"\",\"messagingSenderId\":\"129831398418\",\"projectId\":\"levadura-7427a\",\"storageBucket\":\"levadura-7427a.firebasestorage.app\"}","availability":["BUILD"]},{"variable":"NG_TRUST_PROXY_HEADERS","value":"X-Forwarded-Host","availability":["RUNTIME"]},{"variable":"NG_ALLOWED_HOSTS","value":"panel-levadura-web-129831398418.us-central1.run.app,panel-levadura-web-47bogxhktq-uc.a.run.app,t-2162216843---panel-levadura-web-47bogxhktq-uc.a.run.app,panel-levadura-web--levadura-7427a.us-central1.hosted.app","availability":["RUNTIME"]}],"effectiveEnv":[{"variable":"FIREBASE_CONFIG","value":"{\"databaseURL\":\"\",\"projectId\":\"levadura-7427a\",\"storageBucket\":\"levadura-7427a.firebasestorage.app\"}","availability":["BUILD","RUNTIME"],"origin":"FIREBASE_SYSTEM"},{"variable":"FIREBASE_WEBAPP_CONFIG","value":"{\"apiKey\":\"AIzaSyC-E2SPHf1EmcxkbmAWgE5_8jBYHWoHR_U\",\"appId\":\"1:129831398418:web:24ec88209c43aa5f92fccb\",\"authDomain\":\"levadura-7427a.firebaseapp.com\",\"databaseURL\":\"\",\"messagingSenderId\":\"129831398418\",\"projectId\":\"levadura-7427a\",\"storageBucket\":\"levadura-7427a.firebasestorage.app\"}","availability":["BUILD"],"origin":"FIREBASE_SYSTEM"},{"variable":"NG_TRUST_PROXY_HEADERS","value":"X-Forwarded-Host","availability":["RUNTIME"],"origin":"FIREBASE_SYSTEM"},{"variable":"NG_ALLOWED_HOSTS","value":"panel-levadura-web-129831398418.us-central1.run.app,panel-levadura-web-47bogxhktq-uc.a.run.app,t-2162216843---panel-levadura-web-47bogxhktq-uc.a.run.app,panel-levadura-web--levadura-7427a.us-central1.hosted.app","availability":["RUNTIME"],"origin":"FIREBASE_SYSTEM"}]},"source":{"archive":{"rootDirectory":"/","userStorageUri":"gs://firebaseapphosting-sources-129831398418-us-central1/panel-levadura-web--25676-xK7QY8IFU788-.zip"}},"buildLogsUri":"https://console.cloud.google.com/cloud-build/builds;region=us-central1/91bf250b-c280-4d1c-9848-8dff5117e1f8?project=129831398418","createTime":"2026-09-15T13:30:40.296461840Z","updateTime":"2026-09-15T13:33:12.004541Z","labels":{"deployment-tool":"cli-firebase"},"uid":"6d795d82-46f7-4c5e-87a1-6f82944c6def","etag":"9DQInwS7KEgPET87jxw3fQwKWdIAXubCorpATB_mUAw","reconciling":false},{"name":"projects/levadura-7427a/locations/us-central1/backends/panel-levadura-web/builds/build-2026-08-31-001","state":"READY","image":"us-central1-docker.pkg.dev/levadura-7427a/firebaseapphosting-images/panel-levadura-web:build-2026-08-31-001","config":{"runConfig":{},"env":[{"variable":"FIREBASE_CONFIG","value":"{\"databaseURL\":\"\",\"projectId\":\"levadura-7427a\",\"storageBucket\":\"levadura-7427a.firebasestorage.app\"}","availability":["BUILD","RUNTIME"]},{"variable":"FIREBASE_WEBAPP_CONFIG","value":"{\"apiKey\":\"AIzaSyC-E2SPHf1EmcxkbmAWgE5_8jBYHWoHR_U\",\"appId\":\"1:129831398418:web:24ec88209c43aa5f92fccb\",\"authDomain\":\"levadura-7427a.firebaseapp.com\",\"databaseURL\":\"\",\"messagingSenderId\":\"129831398418\",\"projectId\":\"levadura-7427a\",\"storageBucket\":\"levadura-7427a.firebasestorage.app\"}","availability":["BUILD"]},{"variable":"NG_TRUST_PROXY_HEADERS","value":"X-Forwarded-Host","availability":["RUNTIME"]},{"variable":"NG_ALLOWED_HOSTS","value":"panel-levadura-web-129831398418.us-central1.run.app,panel-levadura-web-47bogxhktq-uc.a.run.app,t-2469726670---panel-levadura-web-47bogxhktq-uc.a.run.app,panel-levadura-web--levadura-7427a.us-central1.hosted.app","availability":["RUNTIME"]}],"effectiveEnv":[{"variable":"FIREBASE_CONFIG","value":"{\"databaseURL\":\"\",\"projectId\":\"levadura-7427a\",\"storageBucket\":\"levadura-7427a.firebasestorage.app\"}","availability":["BUILD","RUNTIME"],"origin":"FIREBASE_SYSTEM"},{"variable":"FIREBASE_WEBAPP_CONFIG","value":"{\"apiKey\":\"AIzaSyC-E2SPHf1EmcxkbmAWgE5_8jBYHWoHR_U\",\"appId\":\"1:129831398418:web:24ec88209c43aa5f92fccb\",\"authDomain\":\"levadura-7427a.firebaseapp.com\",\"databaseURL\":\"\",\"messagingSenderId\":\"129831398418\",\"projectId\":\"levadura-7427a\",\"storageBucket\":\"levadura-7427a.firebasestorage.app\"}","availability":["BUILD"],"origin":"FIREBASE_SYSTEM"},{"variable":"NG_TRUST_PROXY_HEADERS","value":"X-Forwarded-Host","availability":["RUNTIME"],"origin":"FIREBASE_SYSTEM"},{"variable":"NG_ALLOWED_HOSTS","value":"panel-levadura-web-129831398418.us-central1.run.app,panel-levadura-web-47bogxhktq-uc.a.run.app,t-2469726670---panel-levadura-web-47bogxhktq-uc.a.run.app,panel-levadura-web--levadura-7427a.us-central1.hosted.app","availability":["RUNTIME"],"origin":"FIREBASE_SYSTEM"}]},"source":{"archive":{"rootDirectory":"/","userStorageUri":"gs://firebaseapphosting-sources-129831398418-us-central1/panel-levadura-web--10596-32U00gG438nn-.zip"}},"buildLogsUri":"https://console.cloud.google.com/cloud-build/builds;region=us-central1/1a1db3c9-5268-4a03-916b-7f326b7fe50d?project=129831398418","createTime":"2026-08-31T18:35:05.902098367Z","updateTime":"2026-08-31T18:38:18.231467Z","labels":{"deployment-tool":"cli-firebase"},"uid":"083fe942-a1b2-4415-b059-aee88f83be32","etag":"tTnvGpItWFQ0TjbyuEfgnMnwalqw6UurhjZxsiSxfYE","reconciling":false},{"name":"projects/levadura-7427a/locations/us-central1/backends/panel-levadura-web/builds/build-2026-09-01-004","state":"READY","image":"us-central1-docker.pkg.dev/levadura-7427a/firebaseapphosting-images/panel-levadura-web:build-2026-09-01-004","config":{"runConfig":{},"env":[{"variable":"FIREBASE_CONFIG","value":"{\"databaseURL\":\"\",\"projectId\":\"levadura-7427a\",\"storageBucket\":\"levadura-7427a.firebasestorage.app\"}","availability":["BUILD","RUNTIME"]},{"variable":"FIREBASE_WEBAPP_CONFIG","value":"{\"apiKey\":\"AIzaSyC-E2SPHf1EmcxkbmAWgE5_8jBYHWoHR_U\",\"appId\":\"1:129831398418:web:24ec88209c43aa5f92fccb\",\"authDomain\":\"levadura-7427a.firebaseapp.com\",\"databaseURL\":\"\",\"messagingSenderId\":\"129831398418\",\"projectId\":\"levadura-7427a\",\"storageBucket\":\"levadura-7427a.firebasestorage.app\"}","availability":["BUILD"]},{"variable":"NG_TRUST_PROXY_HEADERS","value":"X-Forwarded-Host","availability":["RUNTIME"]},{"variable":"NG_ALLOWED_HOSTS","value":"panel-levadura-web-129831398418.us-central1.run.app,panel-levadura-web-47bogxhktq-uc.a.run.app,t-3877127777---panel-levadura-web-47bogxhktq-uc.a.run.app,panel-levadura-web--levadura-7427a.us-central1.hosted.app","availability":["RUNTIME"]}],"effectiveEnv":[{"variable":"FIREBASE_CONFIG","value":"{\"databaseURL\":\"\",\"projectId\":\"levadura-7427a\",\"storageBucket\":\"levadura-7427a.firebasestorage.app\"}","availability":["BUILD","RUNTIME"],"origin":"FIREBASE_SYSTEM"},{"variable":"FIREBASE_WEBAPP_CONFIG","value":"{\"apiKey\":\"AIzaSyC-E2SPHf1EmcxkbmAWgE5_8jBYHWoHR_U\",\"appId\":\"1:129831398418:web:24ec88209c43aa5f92fccb\",\"authDomain\":\"levadura-7427a.firebaseapp.com\",\"databaseURL\":\"\",\"messagingSenderId\":\"129831398418\",\"projectId\":\"levadura-7427a\",\"storageBucket\":\"levadura-7427a.firebasestorage.app\"}","availability":["BUILD"],"origin":"FIREBASE_SYSTEM"},{"variable":"NG_TRUST_PROXY_HEADERS","value":"X-Forwarded-Host","availability":["RUNTIME"],"origin":"FIREBASE_SYSTEM"},{"variable":"NG_ALLOWED_HOSTS","value":"panel-levadura-web-129831398418.us-central1.run.app,panel-levadura-web-47bogxhktq-uc.a.run.app,t-3877127777---panel-levadura-web-47bogxhktq-uc.a.run.app,panel-levadura-web--levadura-7427a.us-central1.hosted.app","availability":["RUNTIME"],"origin":"FIREBASE_SYSTEM"}]},"source":{"archive":{"rootDirectory":"/","userStorageUri":"gs://firebaseapphosting-sources-129831398418-us-central1/panel-levadura-web--14652-MUTRtM4RVCda-.zip"}},"buildLogsUri":"https://console.cloud.google.com/cloud-build/builds;region=us-central1/9308da8a-80b3-4509-ad78-1696336ffad7?project=129831398418","createTime":"2026-09-01T18:53:45.488234037Z","updateTime":"2026-09-01T18:56:27.536825Z","labels":{"deployment-tool":"cli-firebase"},"uid":"2f6cffbf-c91d-43cd-875c-1953ef1974cf","etag":"vJQTHOQszehfWrvkps3ce67-SKeTy0-nLBVWBrmKVZ8","reconciling":false},{"name":"projects/levadura-7427a/locations/us-central1/backends/panel-levadura-web/builds/build-2026-09-01-001","state":"READY","image":"us-central1-docker.pkg.dev/levadura-7427a/firebaseapphosting-images/panel-levadura-web:build-2026-09-01-001","config":{"runConfig":{},"env":[{"variable":"FIREBASE_CONFIG","value":"{\"databaseURL\":\"\",\"projectId\":\"levadura-7427a\",\"storageBucket\":\"levadura-7427a.firebasestorage.app\"}","availability":["BUILD","RUNTIME"]},{"variable":"FIREBASE_WEBAPP_CONFIG","value":"{\"apiKey\":\"AIzaSyC-E2SPHf1EmcxkbmAWgE5_8jBYHWoHR_U\",\"appId\":\"1:129831398418:web:24ec88209c43aa5f92fccb\",\"authDomain\":\"levadura-7427a.firebaseapp.com\",\"databaseURL\":\"\",\"messagingSenderId\":\"129831398418\",\"projectId\":\"levadura-7427a\",\"storageBucket\":\"levadura-7427a.firebasestorage.app\"}","availability":["BUILD"]},{"variable":"NG_TRUST_PROXY_HEADERS","value":"X-Forwarded-Host","availability":["RUNTIME"]},{"variable":"NG_ALLOWED_HOSTS","value":"panel-levadura-web-129831398418.us-central1.run.app,panel-levadura-web-47bogxhktq-uc.a.run.app,t-3877127780---panel-levadura-web-47bogxhktq-uc.a.run.app,panel-levadura-web--levadura-7427a.us-central1.hosted.app","availability":["RUNTIME"]}],"effectiveEnv":[{"variable":"FIREBASE_CONFIG","value":"{\"databaseURL\":\"\",\"projectId\":\"levadura-7427a\",\"storageBucket\":\"levadura-7427a.firebasestorage.app\"}","availability":["BUILD","RUNTIME"],"origin":"FIREBASE_SYSTEM"},{"variable":"FIREBASE_WEBAPP_CONFIG","value":"{\"apiKey\":\"AIzaSyC-E2SPHf1EmcxkbmAWgE5_8jBYHWoHR_U\",\"appId\":\"1:129831398418:web:24ec88209c43aa5f92fccb\",\"authDomain\":\"levadura-7427a.firebaseapp.com\",\"databaseURL\":\"\",\"messagingSenderId\":\"129831398418\",\"projectId\":\"levadura-7427a\",\"storageBucket\":\"levadura-7427a.firebasestorage.app\"}","availability":["BUILD"],"origin":"FIREBASE_SYSTEM"},{"variable":"NG_TRUST_PROXY_HEADERS","value":"X-Forwarded-Host","availability":["RUNTIME"],"origin":"FIREBASE_SYSTEM"},{"variable":"NG_ALLOWED_HOSTS","value":"panel-levadura-web-129831398418.us-central1.run.app,panel-levadura-web-47bogxhktq-uc.a.run.app,t-3877127780---panel-levadura-web-47bogxhktq-uc.a.run.app,panel-levadura-web--levadura-7427a.us-central1.hosted.app","availability":["RUNTIME"],"origin":"FIREBASE_SYSTEM"}]},"source":{"archive":{"rootDirectory":"/","userStorageUri":"gs://firebaseapphosting-sources-129831398418-us-central1/panel-levadura-web--25812-tDhQQD60RIyT-.zip"}},"buildLogsUri":"https://console.cloud.google.com/cloud-build/builds;region=us-central1/ddac500c-5da2-445e-ac92-dc2d5d0a989f?project=129831398418","createTime":"2026-09-01T15:10:37.865480952Z","updateTime":"2026-09-01T15:13:19.777910Z","labels":{"deployment-tool":"cli-firebase"},"uid":"40009702-1125-4c93-8e5e-6c3a3458b9e5","etag":"Qxrc5BvrqUrZadUke2JWUS2AZJWgnmnTPzSHqhyvdfw","reconciling":false},{"name":"projects/levadura-7427a/locations/us-central1/backends/panel-levadura-web/builds/build-2026-09-01-003","state":"FAILED","error":{"code":13,"message":"The service has encountered an internal error. Please try again later"},"image":"us-central1-docker.pkg.dev/levadura-7427a/firebaseapphosting-images/panel-levadura-web:build-2026-09-01-003","config":{"runConfig":{},"env":[{"variable":"FIREBASE_CONFIG","value":"{\"databaseURL\":\"\",\"projectId\":\"levadura-7427a\",\"storageBucket\":\"levadura-7427a.firebasestorage.app\"}","availability":["BUILD","RUNTIME"]},{"variable":"FIREBASE_WEBAPP_CONFIG","value":"{\"apiKey\":\"AIzaSyC-E2SPHf1EmcxkbmAWgE5_8jBYHWoHR_U\",\"appId\":\"1:129831398418:web:24ec88209c43aa5f92fccb\",\"authDomain\":\"levadura-7427a.firebaseapp.com\",\"databaseURL\":\"\",\"messagingSenderId\":\"129831398418\",\"projectId\":\"levadura-7427a\",\"storageBucket\":\"levadura-7427a.firebasestorage.app\"}","availability":["BUILD"]},{"variable":"NG_TRUST_PROXY_HEADERS","value":"X-Forwarded-Host","availability":["RUNTIME"]},{"variable":"NG_ALLOWED_HOSTS","value":"panel-levadura-web-129831398418.us-central1.run.app,panel-levadura-web-47bogxhktq-uc.a.run.app,t-3877127782---panel-levadura-web-47bogxhktq-uc.a.run.app,panel-levadura-web--levadura-7427a.us-central1.hosted.app","availability":["RUNTIME"]}],"effectiveEnv":[{"variable":"FIREBASE_CONFIG","value":"{\"databaseURL\":\"\",\"projectId\":\"levadura-7427a\",\"storageBucket\":\"levadura-7427a.firebasestorage.app\"}","availability":["BUILD","RUNTIME"],"origin":"FIREBASE_SYSTEM"},{"variable":"FIREBASE_WEBAPP_CONFIG","value":"{\"apiKey\":\"AIzaSyC-E2SPHf1EmcxkbmAWgE5_8jBYHWoHR_U\",\"appId\":\"1:129831398418:web:24ec88209c43aa5f92fccb\",\"authDomain\":\"levadura-7427a.firebaseapp.com\",\"databaseURL\":\"\",\"messagingSenderId\":\"129831398418\",\"projectId\":\"levadura-7427a\",\"storageBucket\":\"levadura-7427a.firebasestorage.app\"}","availability":["BUILD"],"origin":"FIREBASE_SYSTEM"},{"variable":"NG_TRUST_PROXY_HEADERS","value":"X-Forwarded-Host","availability":["RUNTIME"],"origin":"FIREBASE_SYSTEM"},{"variable":"NG_ALLOWED_HOSTS","value":"panel-levadura-web-129831398418.us-central1.run.app,panel-levadura-web-47bogxhktq-uc.a.run.app,t-3877127782---panel-levadura-web-47bogxhktq-uc.a.run.app,panel-levadura-web--levadura-7427a.us-central1.hosted.app","availability":["RUNTIME"],"origin":"FIREBASE_SYSTEM"}]},"source":{"archive":{"rootDirectory":"/","userStorageUri":"gs://firebaseapphosting-sources-129831398418-us-central1/panel-levadura-web--28352-TZOZ1qyhKaF2-.zip"}},"buildLogsUri":"https://console.cloud.google.com/cloud-build/builds;region=us-central1/092fb683-0c7e-4bf9-8fb9-431c7ffb6f84?project=129831398418","createTime":"2026-09-01T18:11:06.140427640Z","updateTime":"2026-09-01T18:13:07.561607Z","labels":{"deployment-tool":"cli-firebase"},"uid":"52f50a87-f532-41db-9dc5-555a5ca4c13d","etag":"ax7x-AZ5zPuWqSL4o8GUTLhkI9FSeHVY3RkexYhG_IQ","reconciling":false,"errorSource":"CLOUD_RUN","errors":[{"error":{"code":13,"message":"The service has encountered an internal error. Please try again later"},"errorSource":"CLOUD_RUN","cloudResource":"https://cloud.google.com/run"}]},{"name":"projects/levadura-7427a/locations/us-central1/backends/panel-levadura-web/builds/build-2026-09-01-002","state":"READY","image":"us-central1-docker.pkg.dev/levadura-7427a/firebaseapphosting-images/panel-levadura-web:build-2026-09-01-002","config":{"runConfig":{},"env":[{"variable":"FIREBASE_CONFIG","value":"{\"databaseURL\":\"\",\"projectId\":\"levadura-7427a\",\"storageBucket\":\"levadura-7427a.firebasestorage.app\"}","availability":["BUILD","RUNTIME"]},{"variable":"FIREBASE_WEBAPP_CONFIG","value":"{\"apiKey\":\"AIzaSyC-E2SPHf1EmcxkbmAWgE5_8jBYHWoHR_U\",\"appId\":\"1:129831398418:web:24ec88209c43aa5f92fccb\",\"authDomain\":\"levadura-7427a.firebaseapp.com\",\"databaseURL\":\"\",\"messagingSenderId\":\"129831398418\",\"projectId\":\"levadura-7427a\",\"storageBucket\":\"levadura-7427a.firebasestorage.app\"}","availability":["BUILD"]},{"variable":"NG_TRUST_PROXY_HEADERS","value":"X-Forwarded-Host","availability":["RUNTIME"]},{"variable":"NG_ALLOWED_HOSTS","value":"panel-levadura-web-129831398418.us-central1.run.app,panel-levadura-web-47bogxhktq-uc.a.run.app,t-3877127783---panel-levadura-web-47bogxhktq-uc.a.run.app,panel-levadura-web--levadura-7427a.us-central1.hosted.app","availability":["RUNTIME"]}],"effectiveEnv":[{"variable":"FIREBASE_CONFIG","value":"{\"databaseURL\":\"\",\"projectId\":\"levadura-7427a\",\"storageBucket\":\"levadura-7427a.firebasestorage.app\"}","availability":["BUILD","RUNTIME"],"origin":"FIREBASE_SYSTEM"},{"variable":"FIREBASE_WEBAPP_CONFIG","value":"{\"apiKey\":\"AIzaSyC-E2SPHf1EmcxkbmAWgE5_8jBYHWoHR_U\",\"appId\":\"1:129831398418:web:24ec88209c43aa5f92fccb\",\"authDomain\":\"levadura-7427a.firebaseapp.com\",\"databaseURL\":\"\",\"messagingSenderId\":\"129831398418\",\"projectId\":\"levadura-7427a\",\"storageBucket\":\"levadura-7427a.firebasestorage.app\"}","availability":["BUILD"],"origin":"FIREBASE_SYSTEM"},{"variable":"NG_TRUST_PROXY_HEADERS","value":"X-Forwarded-Host","availability":["RUNTIME"],"origin":"FIREBASE_SYSTEM"},{"variable":"NG_ALLOWED_HOSTS","value":"panel-levadura-web-129831398418.us-central1.run.app,panel-levadura-web-47bogxhktq-uc.a.run.app,t-3877127783---panel-levadura-web-47bogxhktq-uc.a.run.app,panel-levadura-web--levadura-7427a.us-central1.hosted.app","availability":["RUNTIME"],"origin":"FIREBASE_SYSTEM"}]},"source":{"archive":{"rootDirectory":"/","userStorageUri":"gs://firebaseapphosting-sources-129831398418-us-central1/panel-levadura-web--14940-Hv7Ow9KuGgPU-.zip"}},"buildLogsUri":"https://console.cloud.google.com/cloud-build/builds;region=us-central1/2e8c7c87-e5ef-47ce-9d3c-17132abd0c6e?project=129831398418","createTime":"2026-09-01T18:06:50.491068975Z","updateTime":"2026-09-01T18:10:33.241012Z","labels":{"deployment-tool":"cli-firebase"},"uid":"6d59bc8e-bd37-44f7-aaf9-11e9c0f705a6","etag":"VwQzuJJkhyq3mhBj3r_LUs45yaRgdNT9DPsjcC3rzX4","reconciling":false},{"name":"projects/levadura-7427a/locations/us-central1/backends/panel-levadura-web/builds/build-2026-09-16-001","state":"READY","image":"us-central1-docker.pkg.dev/levadura-7427a/firebaseapphosting-images/panel-levadura-web:build-2026-09-16-001","config":{"runConfig":{},"env":[{"variable":"FIREBASE_CONFIG","value":"{\"databaseURL\":\"\",\"projectId\":\"levadura-7427a\",\"storageBucket\":\"levadura-7427a.firebasestorage.app\"}","availability":["BUILD","RUNTIME"]},{"variable":"FIREBASE_WEBAPP_CONFIG","value":"{\"apiKey\":\"AIzaSyC-E2SPHf1EmcxkbmAWgE5_8jBYHWoHR_U\",\"appId\":\"1:129831398418:web:24ec88209c43aa5f92fccb\",\"authDomain\":\"levadura-7427a.firebaseapp.com\",\"databaseURL\":\"\",\"messagingSenderId\":\"129831398418\",\"projectId\":\"levadura-7427a\",\"storageBucket\":\"levadura-7427a.firebasestorage.app\"}","availability":["BUILD"]},{"variable":"NG_TRUST_PROXY_HEADERS","value":"X-Forwarded-Host","availability":["RUNTIME"]},{"variable":"NG_ALLOWED_HOSTS","value":"panel-levadura-web-129831398418.us-central1.run.app,panel-levadura-web-47bogxhktq-uc.a.run.app,t-2544189432---panel-levadura-web-47bogxhktq-uc.a.run.app,panel-levadura-web--levadura-7427a.us-central1.hosted.app","availability":["RUNTIME"]}],"effectiveEnv":[{"variable":"FIREBASE_CONFIG","value":"{\"databaseURL\":\"\",\"projectId\":\"levadura-7427a\",\"storageBucket\":\"levadura-7427a.firebasestorage.app\"}","availability":["BUILD","RUNTIME"],"origin":"FIREBASE_SYSTEM"},{"variable":"FIREBASE_WEBAPP_CONFIG","value":"{\"apiKey\":\"AIzaSyC-E2SPHf1EmcxkbmAWgE5_8jBYHWoHR_U\",\"appId\":\"1:129831398418:web:24ec88209c43aa5f92fccb\",\"authDomain\":\"levadura-7427a.firebaseapp.com\",\"databaseURL\":\"\",\"messagingSenderId\":\"129831398418\",\"projectId\":\"levadura-7427a\",\"storageBucket\":\"levadura-7427a.firebasestorage.app\"}","availability":["BUILD"],"origin":"FIREBASE_SYSTEM"},{"variable":"NG_TRUST_PROXY_HEADERS","value":"X-Forwarded-Host","availability":["RUNTIME"],"origin":"FIREBASE_SYSTEM"},{"variable":"NG_ALLOWED_HOSTS","value":"panel-levadura-web-129831398418.us-central1.run.app,panel-levadura-web-47bogxhktq-uc.a.run.app,t-2544189432---panel-levadura-web-47bogxhktq-uc.a.run.app,panel-levadura-web--levadura-7427a.us-central1.hosted.app","availability":["RUNTIME"],"origin":"FIREBASE_SYSTEM"}]},"source":{"archive":{"rootDirectory":"/","userStorageUri":"gs://firebaseapphosting-sources-129831398418-us-central1/panel-levadura-web--13488-lBF60NkkYxjr-.zip"}},"buildLogsUri":"https://console.cloud.google.com/cloud-build/builds;region=us-central1/c4ddbd0e-4b85-45b4-b023-99a1c75184ec?project=129831398418","createTime":"2026-09-16T01:58:58.936331039Z","updateTime":"2026-09-16T02:01:30.698293Z","labels":{"deployment-tool":"cli-firebase"},"uid":"28237ec0-c8c2-4d81-9f0c-54630e6661c6","etag":"YbENmLpjYcvlIkoPR09lt_jB9breEc8bhDuUWDh6Qgw","reconciling":false},{"name":"projects/levadura-7427a/locations/us-central1/backends/panel-levadura-web/builds/build-2026-08-24-001","state":"READY","image":"us-central1-docker.pkg.dev/levadura-7427a/firebaseapphosting-images/panel-levadura-web:build-2026-08-24-001","config":{"runConfig":{},"env":[{"variable":"FIREBASE_CONFIG","value":"{\"databaseURL\":\"\",\"projectId\":\"levadura-7427a\",\"storageBucket\":\"levadura-7427a.firebasestorage.app\"}","availability":["BUILD","RUNTIME"]},{"variable":"FIREBASE_WEBAPP_CONFIG","value":"{\"apiKey\":\"AIzaSyC-E2SPHf1EmcxkbmAWgE5_8jBYHWoHR_U\",\"appId\":\"1:129831398418:web:24ec88209c43aa5f92fccb\",\"authDomain\":\"levadura-7427a.firebaseapp.com\",\"databaseURL\":\"\",\"messagingSenderId\":\"129831398418\",\"projectId\":\"levadura-7427a\",\"storageBucket\":\"levadura-7427a.firebasestorage.app\"}","availability":["BUILD"]},{"variable":"NG_TRUST_PROXY_HEADERS","value":"X-Forwarded-Host","availability":["RUNTIME"]},{"variable":"NG_ALLOWED_HOSTS","value":"panel-levadura-web-129831398418.us-central1.run.app,panel-levadura-web--levadura-7427a.us-central1.hosted.app","availability":["RUNTIME"]}],"effectiveEnv":[{"variable":"FIREBASE_CONFIG","value":"{\"databaseURL\":\"\",\"projectId\":\"levadura-7427a\",\"storageBucket\":\"levadura-7427a.firebasestorage.app\"}","availability":["BUILD","RUNTIME"],"origin":"FIREBASE_SYSTEM"},{"variable":"FIREBASE_WEBAPP_CONFIG","value":"{\"apiKey\":\"AIzaSyC-E2SPHf1EmcxkbmAWgE5_8jBYHWoHR_U\",\"appId\":\"1:129831398418:web:24ec88209c43aa5f92fccb\",\"authDomain\":\"levadura-7427a.firebaseapp.com\",\"databaseURL\":\"\",\"messagingSenderId\":\"129831398418\",\"projectId\":\"levadura-7427a\",\"storageBucket\":\"levadura-7427a.firebasestorage.app\"}","availability":["BUILD"],"origin":"FIREBASE_SYSTEM"},{"variable":"NG_TRUST_PROXY_HEADERS","value":"X-Forwarded-Host","availability":["RUNTIME"],"origin":"FIREBASE_SYSTEM"},{"variable":"NG_ALLOWED_HOSTS","value":"panel-levadura-web-129831398418.us-central1.run.app,panel-levadura-web--levadura-7427a.us-central1.hosted.app","availability":["RUNTIME"],"origin":"FIREBASE_SYSTEM"}]},"source":{"archive":{"rootDirectory":"/","userStorageUri":"gs://firebaseapphosting-sources-129831398418-us-central1/panel-levadura-web--64560-3oFTc7tzqL6K-.zip"}},"buildLogsUri":"https://console.cloud.google.com/cloud-build/builds;region=us-central1/fe9eb5b8-9ab5-4f3c-99e8-b7f3bd0dc9c0?project=129831398418","createTime":"2026-08-24T22:20:00.547625275Z","updateTime":"2026-08-24T22:22:42.696909Z","labels":{"deployment-tool":"cli-firebase"},"uid":"e3b9ad9e-8e9f-4a8b-ab7b-88a79f985d29","etag":"lI6HaRg_SJOxqStwUh7ZGy0vidH9hWVmhDTytkDHPMc","reconciling":false},{"name":"projects/levadura-7427a/locations/us-central1/backends/panel-levadura-web/builds/build-2026-08-24-003","state":"READY","image":"us-central1-docker.pkg.dev/levadura-7427a/firebaseapphosting-images/panel-levadura-web:build-2026-08-24-003","config":{"runConfig":{},"env":[{"variable":"FIREBASE_CONFIG","value":"{\"databaseURL\":\"\",\"projectId\":\"levadura-7427a\",\"storageBucket\":\"levadura-7427a.firebasestorage.app\"}","availability":["BUILD","RUNTIME"]},{"variable":"FIREBASE_WEBAPP_CONFIG","value":"{\"apiKey\":\"AIzaSyC-E2SPHf1EmcxkbmAWgE5_8jBYHWoHR_U\",\"appId\":\"1:129831398418:web:24ec88209c43aa5f92fccb\",\"authDomain\":\"levadura-7427a.firebaseapp.com\",\"databaseURL\":\"\",\"messagingSenderId\":\"129831398418\",\"projectId\":\"levadura-7427a\",\"storageBucket\":\"levadura-7427a.firebasestorage.app\"}","availability":["BUILD"]},{"variable":"NG_TRUST_PROXY_HEADERS","value":"X-Forwarded-Host","availability":["RUNTIME"]},{"variable":"NG_ALLOWED_HOSTS","value":"panel-levadura-web-129831398418.us-central1.run.app,panel-levadura-web-47bogxhktq-uc.a.run.app,t-1354597746---panel-levadura-web-47bogxhktq-uc.a.run.app,panel-levadura-web--levadura-7427a.us-central1.hosted.app","availability":["RUNTIME"]}],"effectiveEnv":[{"variable":"FIREBASE_CONFIG","value":"{\"databaseURL\":\"\",\"projectId\":\"levadura-7427a\",\"storageBucket\":\"levadura-7427a.firebasestorage.app\"}","availability":["BUILD","RUNTIME"],"origin":"FIREBASE_SYSTEM"},{"variable":"FIREBASE_WEBAPP_CONFIG","value":"{\"apiKey\":\"AIzaSyC-E2SPHf1EmcxkbmAWgE5_8jBYHWoHR_U\",\"appId\":\"1:129831398418:web:24ec88209c43aa5f92fccb\",\"authDomain\":\"levadura-7427a.firebaseapp.com\",\"databaseURL\":\"\",\"messagingSenderId\":\"129831398418\",\"projectId\":\"levadura-7427a\",\"storageBucket\":\"levadura-7427a.firebasestorage.app\"}","availability":["BUILD"],"origin":"FIREBASE_SYSTEM"},{"variable":"NG_TRUST_PROXY_HEADERS","value":"X-Forwarded-Host","availability":["RUNTIME"],"origin":"FIREBASE_SYSTEM"},{"variable":"NG_ALLOWED_HOSTS","value":"panel-levadura-web-129831398418.us-central1.run.app,panel-levadura-web-47bogxhktq-uc.a.run.app,t-1354597746---panel-levadura-web-47bogxhktq-uc.a.run.app,panel-levadura-web--levadura-7427a.us-central1.hosted.app","availability":["RUNTIME"],"origin":"FIREBASE_SYSTEM"}]},"source":{"archive":{"rootDirectory":"/","userStorageUri":"gs://firebaseapphosting-sources-129831398418-us-central1/panel-levadura-web--49324-8GB5f3rlPtm6-.zip"}},"buildLogsUri":"https://console.cloud.google.com/cloud-build/builds;region=us-central1/ff61323b-fab7-42df-8e23-f702dd15c249?project=129831398418","createTime":"2026-08-24T23:17:51.719506806Z","updateTime":"2026-08-24T23:20:03.322161Z","labels":{"deployment-tool":"cli-firebase"},"uid":"531c961d-d0ab-44a3-b8b2-44226f40776e","etag":"Fx1Xj4UZJ5YHUaRCDGGdDzo6qaeFzSAky3H3TZpOYgA","reconciling":false},{"name":"projects/levadura-7427a/locations/us-central1/backends/panel-levadura-web/builds/build-2026-08-24-002","state":"READY","image":"us-central1-docker.pkg.dev/levadura-7427a/firebaseapphosting-images/panel-levadura-web:build-2026-08-24-002","config":{"runConfig":{},"env":[{"variable":"FIREBASE_CONFIG","value":"{\"databaseURL\":\"\",\"projectId\":\"levadura-7427a\",\"storageBucket\":\"levadura-7427a.firebasestorage.app\"}","availability":["BUILD","RUNTIME"]},{"variable":"FIREBASE_WEBAPP_CONFIG","value":"{\"apiKey\":\"AIzaSyC-E2SPHf1EmcxkbmAWgE5_8jBYHWoHR_U\",\"appId\":\"1:129831398418:web:24ec88209c43aa5f92fccb\",\"authDomain\":\"levadura-7427a.firebaseapp.com\",\"databaseURL\":\"\",\"messagingSenderId\":\"129831398418\",\"projectId\":\"levadura-7427a\",\"storageBucket\":\"levadura-7427a.firebasestorage.app\"}","availability":["BUILD"]},{"variable":"NG_TRUST_PROXY_HEADERS","value":"X-Forwarded-Host","availability":["RUNTIME"]},{"variable":"NG_ALLOWED_HOSTS","value":"panel-levadura-web-129831398418.us-central1.run.app,panel-levadura-web-47bogxhktq-uc.a.run.app,t-1354597747---panel-levadura-web-47bogxhktq-uc.a.run.app,panel-levadura-web--levadura-7427a.us-central1.hosted.app","availability":["RUNTIME"]}],"effectiveEnv":[{"variable":"FIREBASE_CONFIG","value":"{\"databaseURL\":\"\",\"projectId\":\"levadura-7427a\",\"storageBucket\":\"levadura-7427a.firebasestorage.app\"}","availability":["BUILD","RUNTIME"],"origin":"FIREBASE_SYSTEM"},{"variable":"FIREBASE_WEBAPP_CONFIG","value":"{\"apiKey\":\"AIzaSyC-E2SPHf1EmcxkbmAWgE5_8jBYHWoHR_U\",\"appId\":\"1:129831398418:web:24ec88209c43aa5f92fccb\",\"authDomain\":\"levadura-7427a.firebaseapp.com\",\"databaseURL\":\"\",\"messagingSenderId\":\"129831398418\",\"projectId\":\"levadura-7427a\",\"storageBucket\":\"levadura-7427a.firebasestorage.app\"}","availability":["BUILD"],"origin":"FIREBASE_SYSTEM"},{"variable":"NG_TRUST_PROXY_HEADERS","value":"X-Forwarded-Host","availability":["RUNTIME"],"origin":"FIREBASE_SYSTEM"},{"variable":"NG_ALLOWED_HOSTS","value":"panel-levadura-web-129831398418.us-central1.run.app,panel-levadura-web-47bogxhktq-uc.a.run.app,t-1354597747---panel-levadura-web-47bogxhktq-uc.a.run.app,panel-levadura-web--levadura-7427a.us-central1.hosted.app","availability":["RUNTIME"],"origin":"FIREBASE_SYSTEM"}]},"source":{"archive":{"rootDirectory":"/","userStorageUri":"gs://firebaseapphosting-sources-129831398418-us-central1/panel-levadura-web--712-9oHx2rwLMN5t-.zip"}},"buildLogsUri":"https://console.cloud.google.com/cloud-build/builds;region=us-central1/ac1b9be5-b7d0-4471-bfc9-ae4bcb832a16?project=129831398418","createTime":"2026-08-24T23:01:28.641912846Z","updateTime":"2026-08-24T23:03:30.112953Z","labels":{"deployment-tool":"cli-firebase"},"uid":"11211d3c-46b9-4f14-8731-376453d85708","etag":"i69iRRZO0m4BStn16FwXVusg4pzUO_NTiKwo02XZa28","reconciling":false},{"name":"projects/levadura-7427a/locations/us-central1/backends/panel-levadura-web/builds/build-2026-09-14-001","state":"READY","image":"us-central1-docker.pkg.dev/levadura-7427a/firebaseapphosting-images/panel-levadura-web:build-2026-09-14-001","config":{"runConfig":{},"env":[{"variable":"FIREBASE_CONFIG","value":"{\"databaseURL\":\"\",\"projectId\":\"levadura-7427a\",\"storageBucket\":\"levadura-7427a.firebasestorage.app\"}","availability":["BUILD","RUNTIME"]},{"variable":"FIREBASE_WEBAPP_CONFIG","value":"{\"apiKey\":\"AIzaSyC-E2SPHf1EmcxkbmAWgE5_8jBYHWoHR_U\",\"appId\":\"1:129831398418:web:24ec88209c43aa5f92fccb\",\"authDomain\":\"levadura-7427a.firebaseapp.com\",\"databaseURL\":\"\",\"messagingSenderId\":\"129831398418\",\"projectId\":\"levadura-7427a\",\"storageBucket\":\"levadura-7427a.firebasestorage.app\"}","availability":["BUILD"]},{"variable":"NG_TRUST_PROXY_HEADERS","value":"X-Forwarded-Host","availability":["RUNTIME"]},{"variable":"NG_ALLOWED_HOSTS","value":"panel-levadura-web-129831398418.us-central1.run.app,panel-levadura-web-47bogxhktq-uc.a.run.app,t-3570725422---panel-levadura-web-47bogxhktq-uc.a.run.app,panel-levadura-web--levadura-7427a.us-central1.hosted.app","availability":["RUNTIME"]}],"effectiveEnv":[{"variable":"FIREBASE_CONFIG","value":"{\"databaseURL\":\"\",\"projectId\":\"levadura-7427a\",\"storageBucket\":\"levadura-7427a.firebasestorage.app\"}","availability":["BUILD","RUNTIME"],"origin":"FIREBASE_SYSTEM"},{"variable":"FIREBASE_WEBAPP_CONFIG","value":"{\"apiKey\":\"AIzaSyC-E2SPHf1EmcxkbmAWgE5_8jBYHWoHR_U\",\"appId\":\"1:129831398418:web:24ec88209c43aa5f92fccb\",\"authDomain\":\"levadura-7427a.firebaseapp.com\",\"databaseURL\":\"\",\"messagingSenderId\":\"129831398418\",\"projectId\":\"levadura-7427a\",\"storageBucket\":\"levadura-7427a.firebasestorage.app\"}","availability":["BUILD"],"origin":"FIREBASE_SYSTEM"},{"variable":"NG_TRUST_PROXY_HEADERS","value":"X-Forwarded-Host","availability":["RUNTIME"],"origin":"FIREBASE_SYSTEM"},{"variable":"NG_ALLOWED_HOSTS","value":"panel-levadura-web-129831398418.us-central1.run.app,panel-levadura-web-47bogxhktq-uc.a.run.app,t-3570725422---panel-levadura-web-47bogxhktq-uc.a.run.app,panel-levadura-web--levadura-7427a.us-central1.hosted.app","availability":["RUNTIME"],"origin":"FIREBASE_SYSTEM"}]},"source":{"archive":{"rootDirectory":"/","userStorageUri":"gs://firebaseapphosting-sources-129831398418-us-central1/panel-levadura-web--31668-M7a6Jr4hFuNL-.zip"}},"buildLogsUri":"https://console.cloud.google.com/cloud-build/builds;region=us-central1/25874ac5-e7bd-400b-a85c-b9d4012ed4ce?project=129831398418","createTime":"2026-09-14T15:45:19.954039641Z","updateTime":"2026-09-14T15:48:01.859688Z","labels":{"deployment-tool":"cli-firebase"},"uid":"4a928e14-c49b-4a84-939f-2106b9555da3","etag":"MmeFZv3mfU2ikYeioMyG2tXAF-pejGP_0FOkbq4xv1s","reconciling":false},{"name":"projects/levadura-7427a/locations/us-central1/backends/panel-levadura-web/builds/build-2026-09-17-001","state":"READY","image":"us-central1-docker.pkg.dev/levadura-7427a/firebaseapphosting-images/panel-levadura-web:build-2026-09-17-001","config":{"runConfig":{},"env":[{"variable":"FIREBASE_CONFIG","value":"{\"databaseURL\":\"\",\"projectId\":\"levadura-7427a\",\"storageBucket\":\"levadura-7427a.firebasestorage.app\"}","availability":["BUILD","RUNTIME"]},{"variable":"FIREBASE_WEBAPP_CONFIG","value":"{\"apiKey\":\"AIzaSyC-E2SPHf1EmcxkbmAWgE5_8jBYHWoHR_U\",\"appId\":\"1:129831398418:web:24ec88209c43aa5f92fccb\",\"authDomain\":\"levadura-7427a.firebaseapp.com\",\"databaseURL\":\"\",\"messagingSenderId\":\"129831398418\",\"projectId\":\"levadura-7427a\",\"storageBucket\":\"levadura-7427a.firebasestorage.app\"}","availability":["BUILD"]},{"variable":"NG_TRUST_PROXY_HEADERS","value":"X-Forwarded-Host","availability":["RUNTIME"]},{"variable":"NG_ALLOWED_HOSTS","value":"panel-levadura-web-129831398418.us-central1.run.app,panel-levadura-web-47bogxhktq-uc.a.run.app,t-3653217917---panel-levadura-web-47bogxhktq-uc.a.run.app,panel-levadura-web--levadura-7427a.us-central1.hosted.app","availability":["RUNTIME"]}],"effectiveEnv":[{"variable":"FIREBASE_CONFIG","value":"{\"databaseURL\":\"\",\"projectId\":\"levadura-7427a\",\"storageBucket\":\"levadura-7427a.firebasestorage.app\"}","availability":["BUILD","RUNTIME"],"origin":"FIREBASE_SYSTEM"},{"variable":"FIREBASE_WEBAPP_CONFIG","value":"{\"apiKey\":\"AIzaSyC-E2SPHf1EmcxkbmAWgE5_8jBYHWoHR_U\",\"appId\":\"1:129831398418:web:24ec88209c43aa5f92fccb\",\"authDomain\":\"levadura-7427a.firebaseapp.com\",\"databaseURL\":\"\",\"messagingSenderId\":\"129831398418\",\"projectId\":\"levadura-7427a\",\"storageBucket\":\"levadura-7427a.firebasestorage.app\"}","availability":["BUILD"],"origin":"FIREBASE_SYSTEM"},{"variable":"NG_TRUST_PROXY_HEADERS","value":"X-Forwarded-Host","availability":["RUNTIME"],"origin":"FIREBASE_SYSTEM"},{"variable":"NG_ALLOWED_HOSTS","value":"panel-levadura-web-129831398418.us-central1.run.app,panel-levadura-web-47bogxhktq-uc.a.run.app,t-3653217917---panel-levadura-web-47bogxhktq-uc.a.run.app,panel-levadura-web--levadura-7427a.us-central1.hosted.app","availability":["RUNTIME"],"origin":"FIREBASE_SYSTEM"}]},"source":{"archive":{"rootDirectory":"/","userStorageUri":"gs://firebaseapphosting-sources-129831398418-us-central1/panel-levadura-web--28976-56cuLL4dhUDR-.zip"}},"buildLogsUri":"https://console.cloud.google.com/cloud-build/builds;region=us-central1/40701fc9-f065-48f7-98d5-d84462a891f6?project=129831398418","createTime":"2026-09-17T15:16:43.261036908Z","updateTime":"2026-09-17T15:18:44.698623Z","labels":{"deployment-tool":"cli-firebase"},"uid":"7f3c7edb-b30e-4a8e-938c-b90b292482ec","etag":"V-8E5xiPJeo246xWfr6xJOpQb09BQRWSNJ5CaCKCV4c","reconciling":false},{"name":"projects/levadura-7427a/locations/us-central1/backends/panel-levadura-web/builds/build-2026-09-02-002","state":"READY","image":"us-central1-docker.pkg.dev/levadura-7427a/firebaseapphosting-images/panel-levadura-web:build-2026-09-02-002","config":{"runConfig":{},"env":[{"variable":"FIREBASE_CONFIG","value":"{\"databaseURL\":\"\",\"projectId\":\"levadura-7427a\",\"storageBucket\":\"levadura-7427a.firebasestorage.app\"}","availability":["BUILD","RUNTIME"]},{"variable":"FIREBASE_WEBAPP_CONFIG","value":"{\"apiKey\":\"AIzaSyC-E2SPHf1EmcxkbmAWgE5_8jBYHWoHR_U\",\"appId\":\"1:129831398418:web:24ec88209c43aa5f92fccb\",\"authDomain\":\"levadura-7427a.firebaseapp.com\",\"databaseURL\":\"\",\"messagingSenderId\":\"129831398418\",\"projectId\":\"levadura-7427a\",\"storageBucket\":\"levadura-7427a.firebasestorage.app\"}","availability":["BUILD"]},{"variable":"NG_TRUST_PROXY_HEADERS","value":"X-Forwarded-Host","availability":["RUNTIME"]},{"variable":"NG_ALLOWED_HOSTS","value":"panel-levadura-web-129831398418.us-central1.run.app,panel-levadura-web-47bogxhktq-uc.a.run.app,t-1279010260---panel-levadura-web-47bogxhktq-uc.a.run.app,panel-levadura-web--levadura-7427a.us-central1.hosted.app","availability":["RUNTIME"]}],"effectiveEnv":[{"variable":"FIREBASE_CONFIG","value":"{\"databaseURL\":\"\",\"projectId\":\"levadura-7427a\",\"storageBucket\":\"levadura-7427a.firebasestorage.app\"}","availability":["BUILD","RUNTIME"],"origin":"FIREBASE_SYSTEM"},{"variable":"FIREBASE_WEBAPP_CONFIG","value":"{\"apiKey\":\"AIzaSyC-E2SPHf1EmcxkbmAWgE5_8jBYHWoHR_U\",\"appId\":\"1:129831398418:web:24ec88209c43aa5f92fccb\",\"authDomain\":\"levadura-7427a.firebaseapp.com\",\"databaseURL\":\"\",\"messagingSenderId\":\"129831398418\",\"projectId\":\"levadura-7427a\",\"storageBucket\":\"levadura-7427a.firebasestorage.app\"}","availability":["BUILD"],"origin":"FIREBASE_SYSTEM"},{"variable":"NG_TRUST_PROXY_HEADERS","value":"X-Forwarded-Host","availability":["RUNTIME"],"origin":"FIREBASE_SYSTEM"},{"variable":"NG_ALLOWED_HOSTS","value":"panel-levadura-web-129831398418.us-central1.run.app,panel-levadura-web-47bogxhktq-uc.a.run.app,t-1279010260---panel-levadura-web-47bogxhktq-uc.a.run.app,panel-levadura-web--levadura-7427a.us-central1.hosted.app","availability":["RUNTIME"],"origin":"FIREBASE_SYSTEM"}]},"source":{"archive":{"rootDirectory":"/","userStorageUri":"gs://firebaseapphosting-sources-129831398418-us-central1/panel-levadura-web--12968-ssvLfa7SRLYS-.zip"}},"buildLogsUri":"https://console.cloud.google.com/cloud-build/builds;region=us-central1/4d0a6ce2-470e-4d74-9ab5-50b0506dde37?project=129831398418","createTime":"2026-09-02T15:59:40.621956292Z","updateTime":"2026-09-02T16:02:22.633557Z","labels":{"deployment-tool":"cli-firebase"},"uid":"167e86f4-573c-4e10-938b-d0c2661b5032","etag":"_9IKphfevIeJbWc2mGqy5qBDHGuvJl8FprDk2Cde5ac","reconciling":false},{"name":"projects/levadura-7427a/locations/us-central1/backends/panel-levadura-web/builds/build-2026-09-02-003","state":"READY","image":"us-central1-docker.pkg.dev/levadura-7427a/firebaseapphosting-images/panel-levadura-web:build-2026-09-02-003","config":{"runConfig":{},"env":[{"variable":"FIREBASE_CONFIG","value":"{\"databaseURL\":\"\",\"projectId\":\"levadura-7427a\",\"storageBucket\":\"levadura-7427a.firebasestorage.app\"}","availability":["BUILD","RUNTIME"]},{"variable":"FIREBASE_WEBAPP_CONFIG","value":"{\"apiKey\":\"AIzaSyC-E2SPHf1EmcxkbmAWgE5_8jBYHWoHR_U\",\"appId\":\"1:129831398418:web:24ec88209c43aa5f92fccb\",\"authDomain\":\"levadura-7427a.firebaseapp.com\",\"databaseURL\":\"\",\"messagingSenderId\":\"129831398418\",\"projectId\":\"levadura-7427a\",\"storageBucket\":\"levadura-7427a.firebasestorage.app\"}","availability":["BUILD"]},{"variable":"NG_TRUST_PROXY_HEADERS","value":"X-Forwarded-Host","availability":["RUNTIME"]},{"variable":"NG_ALLOWED_HOSTS","value":"panel-levadura-web-129831398418.us-central1.run.app,panel-levadura-web-47bogxhktq-uc.a.run.app,t-1279010261---panel-levadura-web-47bogxhktq-uc.a.run.app,panel-levadura-web--levadura-7427a.us-central1.hosted.app","availability":["RUNTIME"]}],"effectiveEnv":[{"variable":"FIREBASE_CONFIG","value":"{\"databaseURL\":\"\",\"projectId\":\"levadura-7427a\",\"storageBucket\":\"levadura-7427a.firebasestorage.app\"}","availability":["BUILD","RUNTIME"],"origin":"FIREBASE_SYSTEM"},{"variable":"FIREBASE_WEBAPP_CONFIG","value":"{\"apiKey\":\"AIzaSyC-E2SPHf1EmcxkbmAWgE5_8jBYHWoHR_U\",\"appId\":\"1:129831398418:web:24ec88209c43aa5f92fccb\",\"authDomain\":\"levadura-7427a.firebaseapp.com\",\"databaseURL\":\"\",\"messagingSenderId\":\"129831398418\",\"projectId\":\"levadura-7427a\",\"storageBucket\":\"levadura-7427a.firebasestorage.app\"}","availability":["BUILD"],"origin":"FIREBASE_SYSTEM"},{"variable":"NG_TRUST_PROXY_HEADERS","value":"X-Forwarded-Host","availability":["RUNTIME"],"origin":"FIREBASE_SYSTEM"},{"variable":"NG_ALLOWED_HOSTS","value":"panel-levadura-web-129831398418.us-central1.run.app,panel-levadura-web-47bogxhktq-uc.a.run.app,t-1279010261---panel-levadura-web-47bogxhktq-uc.a.run.app,panel-levadura-web--levadura-7427a.us-central1.hosted.app","availability":["RUNTIME"],"origin":"FIREBASE_SYSTEM"}]},"source":{"archive":{"rootDirectory":"/","userStorageUri":"gs://firebaseapphosting-sources-129831398418-us-central1/panel-levadura-web--21092-HA6TdffEMfrL-.zip"}},"buildLogsUri":"https://console.cloud.google.com/cloud-build/builds;region=us-central1/267a33af-6cbe-495c-8234-57b24f50d2e4?project=129831398418","createTime":"2026-09-02T18:14:06.202977945Z","updateTime":"2026-09-02T18:16:17.825957Z","labels":{"deployment-tool":"cli-firebase"},"uid":"1524b794-0842-4621-833a-d6b59112c4d1","etag":"Sjt9PM4adAiYMg5CFpnoPoRz59z7QcUHYoFQoYXC_Ko","reconciling":false},{"name":"projects/levadura-7427a/locations/us-central1/backends/panel-levadura-web/builds/build-2026-09-02-001","state":"READY","image":"us-central1-docker.pkg.dev/levadura-7427a/firebaseapphosting-images/panel-levadura-web:build-2026-09-02-001","config":{"runConfig":{},"env":[{"variable":"FIREBASE_CONFIG","value":"{\"databaseURL\":\"\",\"projectId\":\"levadura-7427a\",\"storageBucket\":\"levadura-7427a.firebasestorage.app\"}","availability":["BUILD","RUNTIME"]},{"variable":"FIREBASE_WEBAPP_CONFIG","value":"{\"apiKey\":\"AIzaSyC-E2SPHf1EmcxkbmAWgE5_8jBYHWoHR_U\",\"appId\":\"1:129831398418:web:24ec88209c43aa5f92fccb\",\"authDomain\":\"levadura-7427a.firebaseapp.com\",\"databaseURL\":\"\",\"messagingSenderId\":\"129831398418\",\"projectId\":\"levadura-7427a\",\"storageBucket\":\"levadura-7427a.firebasestorage.app\"}","availability":["BUILD"]},{"variable":"NG_TRUST_PROXY_HEADERS","value":"X-Forwarded-Host","availability":["RUNTIME"]},{"variable":"NG_ALLOWED_HOSTS","value":"panel-levadura-web-129831398418.us-central1.run.app,panel-levadura-web-47bogxhktq-uc.a.run.app,t-1279010263---panel-levadura-web-47bogxhktq-uc.a.run.app,panel-levadura-web--levadura-7427a.us-central1.hosted.app","availability":["RUNTIME"]}],"effectiveEnv":[{"variable":"FIREBASE_CONFIG","value":"{\"databaseURL\":\"\",\"projectId\":\"levadura-7427a\",\"storageBucket\":\"levadura-7427a.firebasestorage.app\"}","availability":["BUILD","RUNTIME"],"origin":"FIREBASE_SYSTEM"},{"variable":"FIREBASE_WEBAPP_CONFIG","value":"{\"apiKey\":\"AIzaSyC-E2SPHf1EmcxkbmAWgE5_8jBYHWoHR_U\",\"appId\":\"1:129831398418:web:24ec88209c43aa5f92fccb\",\"authDomain\":\"levadura-7427a.firebaseapp.com\",\"databaseURL\":\"\",\"messagingSenderId\":\"129831398418\",\"projectId\":\"levadura-7427a\",\"storageBucket\":\"levadura-7427a.firebasestorage.app\"}","availability":["BUILD"],"origin":"FIREBASE_SYSTEM"},{"variable":"NG_TRUST_PROXY_HEADERS","value":"X-Forwarded-Host","availability":["RUNTIME"],"origin":"FIREBASE_SYSTEM"},{"variable":"NG_ALLOWED_HOSTS","value":"panel-levadura-web-129831398418.us-central1.run.app,panel-levadura-web-47bogxhktq-uc.a.run.app,t-1279010263---panel-levadura-web-47bogxhktq-uc.a.run.app,panel-levadura-web--levadura-7427a.us-central1.hosted.app","availability":["RUNTIME"],"origin":"FIREBASE_SYSTEM"}]},"source":{"archive":{"rootDirectory":"/","userStorageUri":"gs://firebaseapphosting-sources-129831398418-us-central1/panel-levadura-web--16604-rSo4dJoR9Cf0-.zip"}},"buildLogsUri":"https://console.cloud.google.com/cloud-build/builds;region=us-central1/e45c249d-9497-40ea-ad1e-f6c1afcb5cb0?project=129831398418","createTime":"2026-09-02T15:45:16.371387661Z","updateTime":"2026-09-02T15:47:48.237843Z","labels":{"deployment-tool":"cli-firebase"},"uid":"769e3180-0a5e-4562-b30e-4488069ff866","etag":"1DxVh-_5yxzk8bMc6TkPdwLUCOhhOVQm0G8SgOCeXFk","reconciling":false},{"name":"projects/levadura-7427a/locations/us-central1/backends/panel-levadura-web/builds/build-2026-08-25-001","state":"READY","image":"us-central1-docker.pkg.dev/levadura-7427a/firebaseapphosting-images/panel-levadura-web:build-2026-08-25-001","config":{"runConfig":{},"env":[{"variable":"FIREBASE_CONFIG","value":"{\"databaseURL\":\"\",\"projectId\":\"levadura-7427a\",\"storageBucket\":\"levadura-7427a.firebasestorage.app\"}","availability":["BUILD","RUNTIME"]},{"variable":"FIREBASE_WEBAPP_CONFIG","value":"{\"apiKey\":\"AIzaSyC-E2SPHf1EmcxkbmAWgE5_8jBYHWoHR_U\",\"appId\":\"1:129831398418:web:24ec88209c43aa5f92fccb\",\"authDomain\":\"levadura-7427a.firebaseapp.com\",\"databaseURL\":\"\",\"messagingSenderId\":\"129831398418\",\"projectId\":\"levadura-7427a\",\"storageBucket\":\"levadura-7427a.firebasestorage.app\"}","availability":["BUILD"]},{"variable":"NG_TRUST_PROXY_HEADERS","value":"X-Forwarded-Host","availability":["RUNTIME"]},{"variable":"NG_ALLOWED_HOSTS","value":"panel-levadura-web-129831398418.us-central1.run.app,panel-levadura-web-47bogxhktq-uc.a.run.app,t-592976245---panel-levadura-web-47bogxhktq-uc.a.run.app,panel-levadura-web--levadura-7427a.us-central1.hosted.app","availability":["RUNTIME"]}],"effectiveEnv":[{"variable":"FIREBASE_CONFIG","value":"{\"databaseURL\":\"\",\"projectId\":\"levadura-7427a\",\"storageBucket\":\"levadura-7427a.firebasestorage.app\"}","availability":["BUILD","RUNTIME"],"origin":"FIREBASE_SYSTEM"},{"variable":"FIREBASE_WEBAPP_CONFIG","value":"{\"apiKey\":\"AIzaSyC-E2SPHf1EmcxkbmAWgE5_8jBYHWoHR_U\",\"appId\":\"1:129831398418:web:24ec88209c43aa5f92fccb\",\"authDomain\":\"levadura-7427a.firebaseapp.com\",\"databaseURL\":\"\",\"messagingSenderId\":\"129831398418\",\"projectId\":\"levadura-7427a\",\"storageBucket\":\"levadura-7427a.firebasestorage.app\"}","availability":["BUILD"],"origin":"FIREBASE_SYSTEM"},{"variable":"NG_TRUST_PROXY_HEADERS","value":"X-Forwarded-Host","availability":["RUNTIME"],"origin":"FIREBASE_SYSTEM"},{"variable":"NG_ALLOWED_HOSTS","value":"panel-levadura-web-129831398418.us-central1.run.app,panel-levadura-web-47bogxhktq-uc.a.run.app,t-592976245---panel-levadura-web-47bogxhktq-uc.a.run.app,panel-levadura-web--levadura-7427a.us-central1.hosted.app","availability":["RUNTIME"],"origin":"FIREBASE_SYSTEM"}]},"source":{"archive":{"rootDirectory":"/","userStorageUri":"gs://firebaseapphosting-sources-129831398418-us-central1/panel-levadura-web--65084-530a4CtJWirz-.zip"}},"buildLogsUri":"https://console.cloud.google.com/cloud-build/builds;region=us-central1/edb1845b-3ca7-4593-99a1-ab463a697adc?project=129831398418","createTime":"2026-08-25T13:51:13.452796441Z","updateTime":"2026-08-25T13:53:35.056597Z","labels":{"deployment-tool":"cli-firebase"},"uid":"7dbc86f7-9e65-48d0-9c62-db30b80c68e1","etag":"tF-oCI1jFIFG0ok1cbGbDZw1nubheohhB736TpBq2YI","reconciling":false},{"name":"projects/levadura-7427a/locations/us-central1/backends/panel-levadura-web/builds/build-2026-08-25-002","state":"READY","image":"us-central1-docker.pkg.dev/levadura-7427a/firebaseapphosting-images/panel-levadura-web:build-2026-08-25-002","config":{"runConfig":{},"env":[{"variable":"FIREBASE_CONFIG","value":"{\"databaseURL\":\"\",\"projectId\":\"levadura-7427a\",\"storageBucket\":\"levadura-7427a.firebasestorage.app\"}","availability":["BUILD","RUNTIME"]},{"variable":"FIREBASE_WEBAPP_CONFIG","value":"{\"apiKey\":\"AIzaSyC-E2SPHf1EmcxkbmAWgE5_8jBYHWoHR_U\",\"appId\":\"1:129831398418:web:24ec88209c43aa5f92fccb\",\"authDomain\":\"levadura-7427a.firebaseapp.com\",\"databaseURL\":\"\",\"messagingSenderId\":\"129831398418\",\"projectId\":\"levadura-7427a\",\"storageBucket\":\"levadura-7427a.firebasestorage.app\"}","availability":["BUILD"]},{"variable":"NG_TRUST_PROXY_HEADERS","value":"X-Forwarded-Host","availability":["RUNTIME"]},{"variable":"NG_ALLOWED_HOSTS","value":"panel-levadura-web-129831398418.us-central1.run.app,panel-levadura-web-47bogxhktq-uc.a.run.app,t-592976246---panel-levadura-web-47bogxhktq-uc.a.run.app,panel-levadura-web--levadura-7427a.us-central1.hosted.app","availability":["RUNTIME"]}],"effectiveEnv":[{"variable":"FIREBASE_CONFIG","value":"{\"databaseURL\":\"\",\"projectId\":\"levadura-7427a\",\"storageBucket\":\"levadura-7427a.firebasestorage.app\"}","availability":["BUILD","RUNTIME"],"origin":"FIREBASE_SYSTEM"},{"variable":"FIREBASE_WEBAPP_CONFIG","value":"{\"apiKey\":\"AIzaSyC-E2SPHf1EmcxkbmAWgE5_8jBYHWoHR_U\",\"appId\":\"1:129831398418:web:24ec88209c43aa5f92fccb\",\"authDomain\":\"levadura-7427a.firebaseapp.com\",\"databaseURL\":\"\",\"messagingSenderId\":\"129831398418\",\"projectId\":\"levadura-7427a\",\"storageBucket\":\"levadura-7427a.firebasestorage.app\"}","availability":["BUILD"],"origin":"FIREBASE_SYSTEM"},{"variable":"NG_TRUST_PROXY_HEADERS","value":"X-Forwarded-Host","availability":["RUNTIME"],"origin":"FIREBASE_SYSTEM"},{"variable":"NG_ALLOWED_HOSTS","value":"panel-levadura-web-129831398418.us-central1.run.app,panel-levadura-web-47bogxhktq-uc.a.run.app,t-592976246---panel-levadura-web-47bogxhktq-uc.a.run.app,panel-levadura-web--levadura-7427a.us-central1.hosted.app","availability":["RUNTIME"],"origin":"FIREBASE_SYSTEM"}]},"source":{"archive":{"rootDirectory":"/","userStorageUri":"gs://firebaseapphosting-sources-129831398418-us-central1/panel-levadura-web--27508-aQRuyH1CMUyS-.zip"}},"buildLogsUri":"https://console.cloud.google.com/cloud-build/builds;region=us-central1/444cc922-ce41-433b-8735-92604c36cfab?project=129831398418","createTime":"2026-08-25T14:29:46.537981679Z","updateTime":"2026-08-25T14:33:09.100696Z","labels":{"deployment-tool":"cli-firebase"},"uid":"d64cb9bb-27fb-425d-ac0d-07efa0e7d2fc","etag":"DGWAH3l8iysw9T6xuhiw2ulNWnkI0rN-cZnXOf64J9A","reconciling":false}]}
[debug] [2026-10-01T16:38:53.714Z] <<< [apiv2][status] GET https://firebaseapphosting.googleapis.com/v1beta/projects/levadura-7427a/locations/us-central1/backends/panel-levadura-web/rollouts 200
[debug] [2026-10-01T16:38:53.714Z] <<< [apiv2][body] GET https://firebaseapphosting.googleapis.com/v1beta/projects/levadura-7427a/locations/us-central1/backends/panel-levadura-web/rollouts {"rollouts":[{"name":"projects/levadura-7427a/locations/us-central1/backends/panel-levadura-web/rollouts/build-2026-10-01-001","createTime":"2026-10-01T16:33:03.872143321Z","updateTime":"2026-10-01T16:35:51.398825Z","state":"SUCCEEDED","build":"projects/levadura-7427a/locations/us-central1/backends/panel-levadura-web/builds/build-2026-10-01-001","labels":{"deployment-tool":"cli-firebase"},"uid":"666f5ba3-7c28-4693-8531-e27049e293f0","etag":"4xflHE3Hy2odr3m1jYU8VNlYlokRUBMR-LCs0tgUsgI","reconciling":false},{"name":"projects/levadura-7427a/locations/us-central1/backends/panel-levadura-web/rollouts/build-2026-08-27-001","createTime":"2026-08-27T00:07:27.519674911Z","updateTime":"2026-08-27T00:09:54.753380Z","state":"SUCCEEDED","build":"projects/levadura-7427a/locations/us-central1/backends/panel-levadura-web/builds/build-2026-08-27-001","labels":{"deployment-tool":"cli-firebase"},"uid":"0edb23d3-1465-4173-ac7c-237b0c65a023","etag":"7aTvu847ygdNKj0w7aUdK4_YujRe84WRqD_X2w3NkQI","reconciling":false},{"name":"projects/levadura-7427a/locations/us-central1/backends/panel-levadura-web/rollouts/build-2026-09-15-001","createTime":"2026-09-15T13:30:40.725900678Z","updateTime":"2026-09-15T13:33:18.069849Z","state":"SUCCEEDED","build":"projects/levadura-7427a/locations/us-central1/backends/panel-levadura-web/builds/build-2026-09-15-001","labels":{"deployment-tool":"cli-firebase"},"uid":"ed32bdee-dc1d-44cb-bd30-b5774a172528","etag":"PrvEDVLYO4iXQyWMCiNyUS90dnWBMHHtamVSNcvmhSU","reconciling":false},{"name":"projects/levadura-7427a/locations/us-central1/backends/panel-levadura-web/rollouts/build-2026-08-31-001","createTime":"2026-08-31T18:35:06.375562897Z","updateTime":"2026-08-31T18:38:24.474928Z","state":"SUCCEEDED","build":"projects/levadura-7427a/locations/us-central1/backends/panel-levadura-web/builds/build-2026-08-31-001","labels":{"deployment-tool":"cli-firebase"},"uid":"f08aac0f-1038-4f9e-8430-ac69ff216d1f","etag":"49w0eIW_AovBWTHncBM76CgJ0ATz3f8C_kiov7fuE78","reconciling":false},{"name":"projects/levadura-7427a/locations/us-central1/backends/panel-levadura-web/rollouts/build-2026-09-01-004","createTime":"2026-09-01T18:53:45.900100573Z","updateTime":"2026-09-01T18:56:33.524780Z","state":"SUCCEEDED","build":"projects/levadura-7427a/locations/us-central1/backends/panel-levadura-web/builds/build-2026-09-01-004","labels":{"deployment-tool":"cli-firebase"},"uid":"a6101715-6b2c-4791-8dd1-c8610715dc07","etag":"JTraBZ9CKudLgMqK7uNaPocgN6Ki6RMFTJhf8n3OWp4","reconciling":false},{"name":"projects/levadura-7427a/locations/us-central1/backends/panel-levadura-web/rollouts/build-2026-09-01-001","createTime":"2026-09-01T15:10:38.271944083Z","updateTime":"2026-09-01T15:13:50.804539Z","state":"SUCCEEDED","build":"projects/levadura-7427a/locations/us-central1/backends/panel-levadura-web/builds/build-2026-09-01-001","labels":{"deployment-tool":"cli-firebase"},"uid":"be520dd9-63a0-44ba-91c7-bf845e05540a","etag":"zdpNhg9Md47zZts5SsMRMUMLn1BoLrUktCZ_Ek2SI2g","reconciling":false},{"name":"projects/levadura-7427a/locations/us-central1/backends/panel-levadura-web/rollouts/build-2026-09-01-003","createTime":"2026-09-01T18:11:06.558278489Z","updateTime":"2026-09-01T18:13:08.309419Z","state":"FAILED","build":"projects/levadura-7427a/locations/us-central1/backends/panel-levadura-web/builds/build-2026-09-01-003","labels":{"deployment-tool":"cli-firebase"},"uid":"b2d66dbf-3f1d-4a93-9ba7-31458781225e","etag":"Ofigk3esaQ3XJ5l_4-x9hd52VnMUT6PPNLxw_htgR8E","reconciling":false},{"name":"projects/levadura-7427a/locations/us-central1/backends/panel-levadura-web/rollouts/build-2026-09-01-002","createTime":"2026-09-01T18:06:51.014433739Z","updateTime":"2026-09-01T18:10:39.422823Z","state":"SUCCEEDED","build":"projects/levadura-7427a/locations/us-central1/backends/panel-levadura-web/builds/build-2026-09-01-002","labels":{"deployment-tool":"cli-firebase"},"uid":"aaa5e931-477b-43bf-b6d8-ac5147b311a7","etag":"AQ9TEZM-tkiBjwzlvnsvyFZKg4toJuJGW6p_JYHtcHI","reconciling":false},{"name":"projects/levadura-7427a/locations/us-central1/backends/panel-levadura-web/rollouts/build-2026-09-16-001","createTime":"2026-09-16T01:58:59.439178804Z","updateTime":"2026-09-16T02:01:36.813631Z","state":"SUCCEEDED","build":"projects/levadura-7427a/locations/us-central1/backends/panel-levadura-web/builds/build-2026-09-16-001","labels":{"deployment-tool":"cli-firebase"},"uid":"10b8812d-d4dd-47d4-8e89-5a9b33facf11","etag":"BRMMhHy4wIBBipi95ZuD6hBOLD2NTL9h5OlqA2KEYJk","reconciling":false},{"name":"projects/levadura-7427a/locations/us-central1/backends/panel-levadura-web/rollouts/build-2026-08-24-001","createTime":"2026-08-24T22:20:01.141439033Z","updateTime":"2026-08-24T22:22:43.607046Z","state":"SUCCEEDED","build":"projects/levadura-7427a/locations/us-central1/backends/panel-levadura-web/builds/build-2026-08-24-001","labels":{"deployment-tool":"cli-firebase"},"uid":"ff9a15f5-bf34-4141-916f-9f41423cfc85","etag":"jddKGZl6ut37Ptwc8HaAahR7AsdZvjQ4mViOosqYXMg","reconciling":false},{"name":"projects/levadura-7427a/locations/us-central1/backends/panel-levadura-web/rollouts/build-2026-08-24-003","createTime":"2026-08-24T23:17:52.097175220Z","updateTime":"2026-08-24T23:20:09.235932Z","state":"SUCCEEDED","build":"projects/levadura-7427a/locations/us-central1/backends/panel-levadura-web/builds/build-2026-08-24-003","labels":{"deployment-tool":"cli-firebase"},"uid":"558fdc02-68ab-499e-bdfa-4fe8f6a5b307","etag":"aEcygd5jbVKXa2t6uRV_DkDHV7u-vmwTWuT_3TlnHKQ","reconciling":false},{"name":"projects/levadura-7427a/locations/us-central1/backends/panel-levadura-web/rollouts/build-2026-08-24-002","createTime":"2026-08-24T23:01:29.122469265Z","updateTime":"2026-08-24T23:03:36.139465Z","state":"SUCCEEDED","build":"projects/levadura-7427a/locations/us-central1/backends/panel-levadura-web/builds/build-2026-08-24-002","labels":{"deployment-tool":"cli-firebase"},"uid":"4c27e8ca-bb1c-40ea-9fc0-7d9fef805a9f","etag":"fRgWKHbT4f6KJPbMkzt8hdTDCx0kJvfdMjt94tEmWtU","reconciling":false},{"name":"projects/levadura-7427a/locations/us-central1/backends/panel-levadura-web/rollouts/build-2026-09-14-001","createTime":"2026-09-14T15:45:20.299733811Z","updateTime":"2026-09-14T15:48:07.916603Z","state":"SUCCEEDED","build":"projects/levadura-7427a/locations/us-central1/backends/panel-levadura-web/builds/build-2026-09-14-001","labels":{"deployment-tool":"cli-firebase"},"uid":"3da89cdd-d262-4267-8d84-23c814371a39","etag":"T3ga5DdouancsutgI8_fV9_aZctwgT-QGeC0nCwcpZ0","reconciling":false},{"name":"projects/levadura-7427a/locations/us-central1/backends/panel-levadura-web/rollouts/build-2026-09-17-001","createTime":"2026-09-17T15:16:43.516805939Z","updateTime":"2026-09-17T15:18:50.590282Z","state":"SUCCEEDED","build":"projects/levadura-7427a/locations/us-central1/backends/panel-levadura-web/builds/build-2026-09-17-001","labels":{"deployment-tool":"cli-firebase"},"uid":"bcb994a3-900c-433b-805b-f9bc5155b93b","etag":"YhLm7lns5CzbxYayykRMiL2SrhlWywB9HTvmBGX4BE0","reconciling":false},{"name":"projects/levadura-7427a/locations/us-central1/backends/panel-levadura-web/rollouts/build-2026-09-02-002","createTime":"2026-09-02T15:59:41.199367646Z","updateTime":"2026-09-02T16:02:28.656295Z","state":"SUCCEEDED","build":"projects/levadura-7427a/locations/us-central1/backends/panel-levadura-web/builds/build-2026-09-02-002","labels":{"deployment-tool":"cli-firebase"},"uid":"78afb99e-0bcb-411e-a2e6-a9b3e14a87c3","etag":"DVmnIcoGpjhW8W7atpXQwmL2Mhnqfm0tFGAhQDXk0W0","reconciling":false},{"name":"projects/levadura-7427a/locations/us-central1/backends/panel-levadura-web/rollouts/build-2026-09-02-003","createTime":"2026-09-02T18:14:06.626135056Z","updateTime":"2026-09-02T18:16:24.115211Z","state":"SUCCEEDED","build":"projects/levadura-7427a/locations/us-central1/backends/panel-levadura-web/builds/build-2026-09-02-003","labels":{"deployment-tool":"cli-firebase"},"uid":"fe1467f9-5b54-41d2-8d1d-68b653b00df3","etag":"HizH5FmayItktNnGdjGSBFT5SelFHAdLFqtGEs2Kcdo","reconciling":false},{"name":"projects/levadura-7427a/locations/us-central1/backends/panel-levadura-web/rollouts/build-2026-09-02-001","createTime":"2026-09-02T15:45:16.811429916Z","updateTime":"2026-09-02T15:47:54.302383Z","state":"SUCCEEDED","build":"projects/levadura-7427a/locations/us-central1/backends/panel-levadura-web/builds/build-2026-09-02-001","labels":{"deployment-tool":"cli-firebase"},"uid":"aa2b2f1f-1303-45f8-a953-a004e858f2b7","etag":"U5o3kCfV834FGPU-tDqNU_79-ndZ90vd1blkwzYJQfI","reconciling":false},{"name":"projects/levadura-7427a/locations/us-central1/backends/panel-levadura-web/rollouts/build-2026-08-25-001","createTime":"2026-08-25T13:51:13.859144322Z","updateTime":"2026-08-25T13:53:46.170597Z","state":"SUCCEEDED","build":"projects/levadura-7427a/locations/us-central1/backends/panel-levadura-web/builds/build-2026-08-25-001","labels":{"deployment-tool":"cli-firebase"},"uid":"64f64fcb-cf1b-4e19-9ff0-d9ce0fc47229","etag":"KSt6L1egvSpteXadDEXiigayfne002SJMny75CHQjXY","reconciling":false},{"name":"projects/levadura-7427a/locations/us-central1/backends/panel-levadura-web/rollouts/build-2026-08-25-002","createTime":"2026-08-25T14:29:46.934282265Z","updateTime":"2026-08-25T14:33:35.236888Z","state":"SUCCEEDED","build":"projects/levadura-7427a/locations/us-central1/backends/panel-levadura-web/builds/build-2026-08-25-002","labels":{"deployment-tool":"cli-firebase"},"uid":"84f5c851-bdbe-4191-aa6c-082a9d8cf4bb","etag":"gRBbKe0SwmDdq7sb2H5kZ41Or-UCMomC3hNGt0d2lJU","reconciling":false}]}
[debug] [2026-10-01T16:38:53.715Z] Checked if tokens are valid: true, expires at: 1790875976660
[debug] [2026-10-01T16:38:53.715Z] Checked if tokens are valid: true, expires at: 1790875976660
[debug] [2026-10-01T16:38:53.715Z] >>> [apiv2][query] POST https://firebaseapphosting.googleapis.com/v1beta/projects/levadura-7427a/locations/us-central1/backends/panel-levadura-web/builds buildId=build-2026-10-01-002
[debug] [2026-10-01T16:38:53.715Z] >>> [apiv2][body] POST https://firebaseapphosting.googleapis.com/v1beta/projects/levadura-7427a/locations/us-central1/backends/panel-levadura-web/builds {"source":{"archive":{"userStorageUri":"gs://firebaseapphosting-sources-129831398418-us-central1/panel-levadura-web--27812-7V5NEAZSv8DK-.zip","rootDirectory":"/"}},"labels":{"deployment-tool":"cli-firebase"}}
[debug] [2026-10-01T16:38:53.855Z] <<< [apiv2][status] POST https://firebaseapphosting.googleapis.com/v1beta/projects/levadura-7427a/locations/us-central1/backends/app/builds 200
[debug] [2026-10-01T16:38:53.855Z] <<< [apiv2][body] POST https://firebaseapphosting.googleapis.com/v1beta/projects/levadura-7427a/locations/us-central1/backends/app/builds {"name":"projects/levadura-7427a/locations/us-central1/operations/operation-1790872732255-65cca0d0b461d-52dc4a2f-af756fd0","metadata":{"@type":"type.googleapis.com/google.firebase.apphosting.v1beta.OperationMetadata","createTime":"2026-10-01T16:38:52.294843412Z","target":"projects/levadura-7427a/locations/us-central1/backends/app/builds/build-2026-10-01-002","verb":"create","requestedCancellation":false,"apiVersion":"v1beta"},"done":false}
[debug] [2026-10-01T16:38:53.856Z] Checked if tokens are valid: true, expires at: 1790875976660
[debug] [2026-10-01T16:38:53.856Z] Checked if tokens are valid: true, expires at: 1790875976660
[debug] [2026-10-01T16:38:53.856Z] >>> [apiv2][query] POST https://firebaseapphosting.googleapis.com/v1beta/projects/levadura-7427a/locations/us-central1/backends/app/rollouts rolloutId=build-2026-10-01-002&validateOnly=true
[debug] [2026-10-01T16:38:53.856Z] >>> [apiv2][body] POST https://firebaseapphosting.googleapis.com/v1beta/projects/levadura-7427a/locations/us-central1/backends/app/rollouts {"build":"projects/levadura-7427a/locations/us-central1/backends/app/builds/build-2026-10-01-002","labels":{"deployment-tool":"cli-firebase"}}
[debug] [2026-10-01T16:38:53.929Z] <<< [apiv2][status] POST https://firebaseapphosting.googleapis.com/v1beta/projects/levadura-7427a/locations/us-central1/backends/panel-levadura-web/builds 200
[debug] [2026-10-01T16:38:53.929Z] <<< [apiv2][body] POST https://firebaseapphosting.googleapis.com/v1beta/projects/levadura-7427a/locations/us-central1/backends/panel-levadura-web/builds {"name":"projects/levadura-7427a/locations/us-central1/operations/operation-1790872732350-65cca0d0cb9ec-6c7ca31f-9b097552","metadata":{"@type":"type.googleapis.com/google.firebase.apphosting.v1beta.OperationMetadata","createTime":"2026-10-01T16:38:52.394965990Z","target":"projects/levadura-7427a/locations/us-central1/backends/panel-levadura-web/builds/build-2026-10-01-002","verb":"create","requestedCancellation":false,"apiVersion":"v1beta"},"done":false}
[debug] [2026-10-01T16:38:53.930Z] Checked if tokens are valid: true, expires at: 1790875976660
[debug] [2026-10-01T16:38:53.930Z] Checked if tokens are valid: true, expires at: 1790875976660
[debug] [2026-10-01T16:38:53.930Z] >>> [apiv2][query] POST https://firebaseapphosting.googleapis.com/v1beta/projects/levadura-7427a/locations/us-central1/backends/panel-levadura-web/rollouts rolloutId=build-2026-10-01-002&validateOnly=true
[debug] [2026-10-01T16:38:53.930Z] >>> [apiv2][body] POST https://firebaseapphosting.googleapis.com/v1beta/projects/levadura-7427a/locations/us-central1/backends/panel-levadura-web/rollouts {"build":"projects/levadura-7427a/locations/us-central1/backends/panel-levadura-web/builds/build-2026-10-01-002","labels":{"deployment-tool":"cli-firebase"}}
[debug] [2026-10-01T16:38:54.046Z] <<< [apiv2][status] POST https://firebaseapphosting.googleapis.com/v1beta/projects/levadura-7427a/locations/us-central1/backends/app/rollouts 200
[debug] [2026-10-01T16:38:54.046Z] <<< [apiv2][body] POST https://firebaseapphosting.googleapis.com/v1beta/projects/levadura-7427a/locations/us-central1/backends/app/rollouts {"name":"","metadata":{},"done":true}
[debug] [2026-10-01T16:38:54.047Z] Checked if tokens are valid: true, expires at: 1790875976660
[debug] [2026-10-01T16:38:54.047Z] Checked if tokens are valid: true, expires at: 1790875976660
[debug] [2026-10-01T16:38:54.047Z] >>> [apiv2][query] POST https://firebaseapphosting.googleapis.com/v1beta/projects/levadura-7427a/locations/us-central1/backends/app/rollouts rolloutId=build-2026-10-01-002&validateOnly=false
[debug] [2026-10-01T16:38:54.047Z] >>> [apiv2][body] POST https://firebaseapphosting.googleapis.com/v1beta/projects/levadura-7427a/locations/us-central1/backends/app/rollouts {"build":"projects/levadura-7427a/locations/us-central1/backends/app/builds/build-2026-10-01-002","labels":{"deployment-tool":"cli-firebase"}}
[debug] [2026-10-01T16:38:54.101Z] <<< [apiv2][status] POST https://firebaseapphosting.googleapis.com/v1beta/projects/levadura-7427a/locations/us-central1/backends/panel-levadura-web/rollouts 200
[debug] [2026-10-01T16:38:54.101Z] <<< [apiv2][body] POST https://firebaseapphosting.googleapis.com/v1beta/projects/levadura-7427a/locations/us-central1/backends/panel-levadura-web/rollouts {"name":"","metadata":{},"done":true}
[debug] [2026-10-01T16:38:54.102Z] Checked if tokens are valid: true, expires at: 1790875976660
[debug] [2026-10-01T16:38:54.102Z] Checked if tokens are valid: true, expires at: 1790875976660
[debug] [2026-10-01T16:38:54.102Z] >>> [apiv2][query] POST https://firebaseapphosting.googleapis.com/v1beta/projects/levadura-7427a/locations/us-central1/backends/panel-levadura-web/rollouts rolloutId=build-2026-10-01-002&validateOnly=false
[debug] [2026-10-01T16:38:54.102Z] >>> [apiv2][body] POST https://firebaseapphosting.googleapis.com/v1beta/projects/levadura-7427a/locations/us-central1/backends/panel-levadura-web/rollouts {"build":"projects/levadura-7427a/locations/us-central1/backends/panel-levadura-web/builds/build-2026-10-01-002","labels":{"deployment-tool":"cli-firebase"}}
[debug] [2026-10-01T16:38:54.231Z] <<< [apiv2][status] POST https://firebaseapphosting.googleapis.com/v1beta/projects/levadura-7427a/locations/us-central1/backends/app/rollouts 200
[debug] [2026-10-01T16:38:54.232Z] <<< [apiv2][body] POST https://firebaseapphosting.googleapis.com/v1beta/projects/levadura-7427a/locations/us-central1/backends/app/rollouts {"name":"projects/levadura-7427a/locations/us-central1/operations/operation-1790872732653-65cca0d1156ae-b35024f5-2bc81483","metadata":{"@type":"type.googleapis.com/google.firebase.apphosting.v1beta.OperationMetadata","createTime":"2026-10-01T16:38:52.670998682Z","target":"projects/levadura-7427a/locations/us-central1/backends/app/rollouts/build-2026-10-01-002","verb":"create","requestedCancellation":false,"apiVersion":"v1beta"},"done":false}
[debug] [2026-10-01T16:38:54.232Z] Checked if tokens are valid: true, expires at: 1790875976660
[debug] [2026-10-01T16:38:54.232Z] Checked if tokens are valid: true, expires at: 1790875976660
[debug] [2026-10-01T16:38:54.232Z] Checked if tokens are valid: true, expires at: 1790875976660
[debug] [2026-10-01T16:38:54.233Z] Checked if tokens are valid: true, expires at: 1790875976660
[debug] [2026-10-01T16:38:54.233Z] >>> [apiv2][query] GET https://firebaseapphosting.googleapis.com/v1beta/projects/levadura-7427a/locations/us-central1/operations/operation-1790872732653-65cca0d1156ae-b35024f5-2bc81483 [none]
[debug] [2026-10-01T16:38:54.233Z] >>> [apiv2][query] GET https://firebaseapphosting.googleapis.com/v1beta/projects/levadura-7427a/locations/us-central1/operations/operation-1790872732255-65cca0d0b461d-52dc4a2f-af756fd0 [none]
[debug] [2026-10-01T16:38:54.263Z] <<< [apiv2][status] POST https://firebaseapphosting.googleapis.com/v1beta/projects/levadura-7427a/locations/us-central1/backends/panel-levadura-web/rollouts 200
[debug] [2026-10-01T16:38:54.263Z] <<< [apiv2][body] POST https://firebaseapphosting.googleapis.com/v1beta/projects/levadura-7427a/locations/us-central1/backends/panel-levadura-web/rollouts {"name":"projects/levadura-7427a/locations/us-central1/operations/operation-1790872732715-65cca0d124a39-30dea9e4-26273433","metadata":{"@type":"type.googleapis.com/google.firebase.apphosting.v1beta.OperationMetadata","createTime":"2026-10-01T16:38:52.728686225Z","target":"projects/levadura-7427a/locations/us-central1/backends/panel-levadura-web/rollouts/build-2026-10-01-002","verb":"create","requestedCancellation":false,"apiVersion":"v1beta"},"done":false}
[debug] [2026-10-01T16:38:54.263Z] Checked if tokens are valid: true, expires at: 1790875976660
[debug] [2026-10-01T16:38:54.263Z] Checked if tokens are valid: true, expires at: 1790875976660
[debug] [2026-10-01T16:38:54.263Z] Checked if tokens are valid: true, expires at: 1790875976660
[debug] [2026-10-01T16:38:54.263Z] Checked if tokens are valid: true, expires at: 1790875976660
[debug] [2026-10-01T16:38:54.263Z] >>> [apiv2][query] GET https://firebaseapphosting.googleapis.com/v1beta/projects/levadura-7427a/locations/us-central1/operations/operation-1790872732715-65cca0d124a39-30dea9e4-26273433 [none]
[debug] [2026-10-01T16:38:54.264Z] >>> [apiv2][query] GET https://firebaseapphosting.googleapis.com/v1beta/projects/levadura-7427a/locations/us-central1/operations/operation-1790872732350-65cca0d0cb9ec-6c7ca31f-9b097552 [none]
[debug] [2026-10-01T16:38:54.345Z] <<< [apiv2][status] GET https://firebaseapphosting.googleapis.com/v1beta/projects/levadura-7427a/locations/us-central1/operations/operation-1790872732255-65cca0d0b461d-52dc4a2f-af756fd0 200
[debug] [2026-10-01T16:38:54.345Z] <<< [apiv2][body] GET https://firebaseapphosting.googleapis.com/v1beta/projects/levadura-7427a/locations/us-central1/operations/operation-1790872732255-65cca0d0b461d-52dc4a2f-af756fd0 {"name":"projects/levadura-7427a/locations/us-central1/operations/operation-1790872732255-65cca0d0b461d-52dc4a2f-af756fd0","metadata":{"@type":"type.googleapis.com/google.firebase.apphosting.v1beta.OperationMetadata","createTime":"2026-10-01T16:38:52.294843412Z","target":"projects/levadura-7427a/locations/us-central1/backends/app/builds/build-2026-10-01-002","verb":"create","requestedCancellation":false,"apiVersion":"v1beta"},"done":false}
[debug] [2026-10-01T16:38:54.353Z] <<< [apiv2][status] GET https://firebaseapphosting.googleapis.com/v1beta/projects/levadura-7427a/locations/us-central1/operations/operation-1790872732350-65cca0d0cb9ec-6c7ca31f-9b097552 200
[debug] [2026-10-01T16:38:54.353Z] <<< [apiv2][body] GET https://firebaseapphosting.googleapis.com/v1beta/projects/levadura-7427a/locations/us-central1/operations/operation-1790872732350-65cca0d0cb9ec-6c7ca31f-9b097552 {"name":"projects/levadura-7427a/locations/us-central1/operations/operation-1790872732350-65cca0d0cb9ec-6c7ca31f-9b097552","metadata":{"@type":"type.googleapis.com/google.firebase.apphosting.v1beta.OperationMetadata","createTime":"2026-10-01T16:38:52.394965990Z","target":"projects/levadura-7427a/locations/us-central1/backends/panel-levadura-web/builds/build-2026-10-01-002","verb":"create","requestedCancellation":false,"apiVersion":"v1beta"},"done":false}
[debug] [2026-10-01T16:38:54.404Z] <<< [apiv2][status] GET https://firebaseapphosting.googleapis.com/v1beta/projects/levadura-7427a/locations/us-central1/operations/operation-1790872732715-65cca0d124a39-30dea9e4-26273433 200
[debug] [2026-10-01T16:38:54.404Z] <<< [apiv2][body] GET https://firebaseapphosting.googleapis.com/v1beta/projects/levadura-7427a/locations/us-central1/operations/operation-1790872732715-65cca0d124a39-30dea9e4-26273433 {"name":"projects/levadura-7427a/locations/us-central1/operations/operation-1790872732715-65cca0d124a39-30dea9e4-26273433","metadata":{"@type":"type.googleapis.com/google.firebase.apphosting.v1beta.OperationMetadata","createTime":"2026-10-01T16:38:52.728686225Z","endTime":"2026-10-01T16:38:52.772940639Z","target":"projects/levadura-7427a/locations/us-central1/backends/panel-levadura-web/rollouts/build-2026-10-01-002","verb":"create","requestedCancellation":false,"apiVersion":"v1beta"},"done":true,"response":{"@type":"type.googleapis.com/google.firebase.apphosting.v1beta.Rollout","name":"projects/levadura-7427a/locations/us-central1/backends/panel-levadura-web/rollouts/build-2026-10-01-002","createTime":"2026-10-01T16:38:52.722272676Z","updateTime":"2026-10-01T16:38:52.769147Z","state":"QUEUED","build":"projects/levadura-7427a/locations/us-central1/backends/panel-levadura-web/builds/build-2026-10-01-002","labels":{"deployment-tool":"cli-firebase"},"uid":"f66838a4-d482-4d84-84de-2ca32e7ed15e","etag":"yTPpfcDO8Tjvbl0F2dG7nFF9GwODltz5bJquNuEaloY","reconciling":false}}
[debug] [2026-10-01T16:38:54.407Z] <<< [apiv2][status] GET https://firebaseapphosting.googleapis.com/v1beta/projects/levadura-7427a/locations/us-central1/operations/operation-1790872732653-65cca0d1156ae-b35024f5-2bc81483 200
[debug] [2026-10-01T16:38:54.407Z] <<< [apiv2][body] GET https://firebaseapphosting.googleapis.com/v1beta/projects/levadura-7427a/locations/us-central1/operations/operation-1790872732653-65cca0d1156ae-b35024f5-2bc81483 {"name":"projects/levadura-7427a/locations/us-central1/operations/operation-1790872732653-65cca0d1156ae-b35024f5-2bc81483","metadata":{"@type":"type.googleapis.com/google.firebase.apphosting.v1beta.OperationMetadata","createTime":"2026-10-01T16:38:52.670998682Z","endTime":"2026-10-01T16:38:52.712351629Z","target":"projects/levadura-7427a/locations/us-central1/backends/app/rollouts/build-2026-10-01-002","verb":"create","requestedCancellation":false,"apiVersion":"v1beta"},"done":true,"response":{"@type":"type.googleapis.com/google.firebase.apphosting.v1beta.Rollout","name":"projects/levadura-7427a/locations/us-central1/backends/app/rollouts/build-2026-10-01-002","createTime":"2026-10-01T16:38:52.665247784Z","updateTime":"2026-10-01T16:38:52.709417Z","state":"QUEUED","build":"projects/levadura-7427a/locations/us-central1/backends/app/builds/build-2026-10-01-002","labels":{"deployment-tool":"cli-firebase"},"uid":"9c974a9d-c534-4037-bc50-3c3b26c2864f","etag":"5qdvY95VEV6KnjwJUqmpZTewwkYif4k8GON81GXnj-Q","reconciling":false}}
[debug] [2026-10-01T16:38:54.846Z] [create-levadura-7427a-us-central1-backend-app-build-build-2026-10-01-002] Retrying task index 0
[debug] [2026-10-01T16:38:54.847Z] Checked if tokens are valid: true, expires at: 1790875976660
[debug] [2026-10-01T16:38:54.847Z] Checked if tokens are valid: true, expires at: 1790875976660
[debug] [2026-10-01T16:38:54.847Z] >>> [apiv2][query] GET https://firebaseapphosting.googleapis.com/v1beta/projects/levadura-7427a/locations/us-central1/operations/operation-1790872732255-65cca0d0b461d-52dc4a2f-af756fd0 [none]
[debug] [2026-10-01T16:38:54.865Z] [create-levadura-7427a-us-central1-backend-panel-levadura-web-build-build-2026-10-01-002] Retrying task index 0
[debug] [2026-10-01T16:38:54.865Z] Checked if tokens are valid: true, expires at: 1790875976660
[debug] [2026-10-01T16:38:54.865Z] Checked if tokens are valid: true, expires at: 1790875976660
[debug] [2026-10-01T16:38:54.865Z] >>> [apiv2][query] GET https://firebaseapphosting.googleapis.com/v1beta/projects/levadura-7427a/locations/us-central1/operations/operation-1790872732350-65cca0d0cb9ec-6c7ca31f-9b097552 [none]
[debug] [2026-10-01T16:38:54.967Z] <<< [apiv2][status] GET https://firebaseapphosting.googleapis.com/v1beta/projects/levadura-7427a/locations/us-central1/operations/operation-1790872732255-65cca0d0b461d-52dc4a2f-af756fd0 200
[debug] [2026-10-01T16:38:54.968Z] <<< [apiv2][body] GET https://firebaseapphosting.googleapis.com/v1beta/projects/levadura-7427a/locations/us-central1/operations/operation-1790872732255-65cca0d0b461d-52dc4a2f-af756fd0 {"name":"projects/levadura-7427a/locations/us-central1/operations/operation-1790872732255-65cca0d0b461d-52dc4a2f-af756fd0","metadata":{"@type":"type.googleapis.com/google.firebase.apphosting.v1beta.OperationMetadata","createTime":"2026-10-01T16:38:52.294843412Z","target":"projects/levadura-7427a/locations/us-central1/backends/app/builds/build-2026-10-01-002","verb":"create","requestedCancellation":false,"apiVersion":"v1beta"},"done":false}
[debug] [2026-10-01T16:38:54.997Z] <<< [apiv2][status] GET https://firebaseapphosting.googleapis.com/v1beta/projects/levadura-7427a/locations/us-central1/operations/operation-1790872732350-65cca0d0cb9ec-6c7ca31f-9b097552 200
[debug] [2026-10-01T16:38:54.997Z] <<< [apiv2][body] GET https://firebaseapphosting.googleapis.com/v1beta/projects/levadura-7427a/locations/us-central1/operations/operation-1790872732350-65cca0d0cb9ec-6c7ca31f-9b097552 {"name":"projects/levadura-7427a/locations/us-central1/operations/operation-1790872732350-65cca0d0cb9ec-6c7ca31f-9b097552","metadata":{"@type":"type.googleapis.com/google.firebase.apphosting.v1beta.OperationMetadata","createTime":"2026-10-01T16:38:52.394965990Z","target":"projects/levadura-7427a/locations/us-central1/backends/panel-levadura-web/builds/build-2026-10-01-002","verb":"create","requestedCancellation":false,"apiVersion":"v1beta"},"done":false}
[debug] [2026-10-01T16:38:55.974Z] [create-levadura-7427a-us-central1-backend-app-build-build-2026-10-01-002] Retrying task index 0
[debug] [2026-10-01T16:38:55.974Z] Checked if tokens are valid: true, expires at: 1790875976660
[debug] [2026-10-01T16:38:55.974Z] Checked if tokens are valid: true, expires at: 1790875976660
[debug] [2026-10-01T16:38:55.974Z] >>> [apiv2][query] GET https://firebaseapphosting.googleapis.com/v1beta/projects/levadura-7427a/locations/us-central1/operations/operation-1790872732255-65cca0d0b461d-52dc4a2f-af756fd0 [none]
[debug] [2026-10-01T16:38:55.999Z] [create-levadura-7427a-us-central1-backend-panel-levadura-web-build-build-2026-10-01-002] Retrying task index 0
[debug] [2026-10-01T16:38:56.000Z] Checked if tokens are valid: true, expires at: 1790875976660
[debug] [2026-10-01T16:38:56.000Z] Checked if tokens are valid: true, expires at: 1790875976660
[debug] [2026-10-01T16:38:56.000Z] >>> [apiv2][query] GET https://firebaseapphosting.googleapis.com/v1beta/projects/levadura-7427a/locations/us-central1/operations/operation-1790872732350-65cca0d0cb9ec-6c7ca31f-9b097552 [none]
[debug] [2026-10-01T16:38:56.120Z] <<< [apiv2][status] GET https://firebaseapphosting.googleapis.com/v1beta/projects/levadura-7427a/locations/us-central1/operations/operation-1790872732255-65cca0d0b461d-52dc4a2f-af756fd0 200
[debug] [2026-10-01T16:38:56.120Z] <<< [apiv2][body] GET https://firebaseapphosting.googleapis.com/v1beta/projects/levadura-7427a/locations/us-central1/operations/operation-1790872732255-65cca0d0b461d-52dc4a2f-af756fd0 {"name":"projects/levadura-7427a/locations/us-central1/operations/operation-1790872732255-65cca0d0b461d-52dc4a2f-af756fd0","metadata":{"@type":"type.googleapis.com/google.firebase.apphosting.v1beta.OperationMetadata","createTime":"2026-10-01T16:38:52.294843412Z","target":"projects/levadura-7427a/locations/us-central1/backends/app/builds/build-2026-10-01-002","verb":"create","requestedCancellation":false,"apiVersion":"v1beta"},"done":false}
[debug] [2026-10-01T16:38:56.140Z] <<< [apiv2][status] GET https://firebaseapphosting.googleapis.com/v1beta/projects/levadura-7427a/locations/us-central1/operations/operation-1790872732350-65cca0d0cb9ec-6c7ca31f-9b097552 200
[debug] [2026-10-01T16:38:56.141Z] <<< [apiv2][body] GET https://firebaseapphosting.googleapis.com/v1beta/projects/levadura-7427a/locations/us-central1/operations/operation-1790872732350-65cca0d0cb9ec-6c7ca31f-9b097552 {"name":"projects/levadura-7427a/locations/us-central1/operations/operation-1790872732350-65cca0d0cb9ec-6c7ca31f-9b097552","metadata":{"@type":"type.googleapis.com/google.firebase.apphosting.v1beta.OperationMetadata","createTime":"2026-10-01T16:38:52.394965990Z","target":"projects/levadura-7427a/locations/us-central1/backends/panel-levadura-web/builds/build-2026-10-01-002","verb":"create","requestedCancellation":false,"apiVersion":"v1beta"},"done":false}
[debug] [2026-10-01T16:38:58.127Z] [create-levadura-7427a-us-central1-backend-app-build-build-2026-10-01-002] Retrying task index 0
[debug] [2026-10-01T16:38:58.128Z] Checked if tokens are valid: true, expires at: 1790875976660
[debug] [2026-10-01T16:38:58.128Z] Checked if tokens are valid: true, expires at: 1790875976660
[debug] [2026-10-01T16:38:58.128Z] >>> [apiv2][query] GET https://firebaseapphosting.googleapis.com/v1beta/projects/levadura-7427a/locations/us-central1/operations/operation-1790872732255-65cca0d0b461d-52dc4a2f-af756fd0 [none]
[debug] [2026-10-01T16:38:58.143Z] [create-levadura-7427a-us-central1-backend-panel-levadura-web-build-build-2026-10-01-002] Retrying task index 0
[debug] [2026-10-01T16:38:58.143Z] Checked if tokens are valid: true, expires at: 1790875976660
[debug] [2026-10-01T16:38:58.143Z] Checked if tokens are valid: true, expires at: 1790875976660
[debug] [2026-10-01T16:38:58.143Z] >>> [apiv2][query] GET https://firebaseapphosting.googleapis.com/v1beta/projects/levadura-7427a/locations/us-central1/operations/operation-1790872732350-65cca0d0cb9ec-6c7ca31f-9b097552 [none]
[debug] [2026-10-01T16:38:58.225Z] <<< [apiv2][status] GET https://firebaseapphosting.googleapis.com/v1beta/projects/levadura-7427a/locations/us-central1/operations/operation-1790872732350-65cca0d0cb9ec-6c7ca31f-9b097552 200
[debug] [2026-10-01T16:38:58.225Z] <<< [apiv2][body] GET https://firebaseapphosting.googleapis.com/v1beta/projects/levadura-7427a/locations/us-central1/operations/operation-1790872732350-65cca0d0cb9ec-6c7ca31f-9b097552 {"name":"projects/levadura-7427a/locations/us-central1/operations/operation-1790872732350-65cca0d0cb9ec-6c7ca31f-9b097552","metadata":{"@type":"type.googleapis.com/google.firebase.apphosting.v1beta.OperationMetadata","createTime":"2026-10-01T16:38:52.394965990Z","target":"projects/levadura-7427a/locations/us-central1/backends/panel-levadura-web/builds/build-2026-10-01-002","verb":"create","requestedCancellation":false,"apiVersion":"v1beta"},"done":false}
[debug] [2026-10-01T16:38:58.279Z] <<< [apiv2][status] GET https://firebaseapphosting.googleapis.com/v1beta/projects/levadura-7427a/locations/us-central1/operations/operation-1790872732255-65cca0d0b461d-52dc4a2f-af756fd0 200
[debug] [2026-10-01T16:38:58.279Z] <<< [apiv2][body] GET https://firebaseapphosting.googleapis.com/v1beta/projects/levadura-7427a/locations/us-central1/operations/operation-1790872732255-65cca0d0b461d-52dc4a2f-af756fd0 {"name":"projects/levadura-7427a/locations/us-central1/operations/operation-1790872732255-65cca0d0b461d-52dc4a2f-af756fd0","metadata":{"@type":"type.googleapis.com/google.firebase.apphosting.v1beta.OperationMetadata","createTime":"2026-10-01T16:38:52.294843412Z","target":"projects/levadura-7427a/locations/us-central1/backends/app/builds/build-2026-10-01-002","verb":"create","requestedCancellation":false,"apiVersion":"v1beta"},"done":false}
